,published,source,title,political_score,economic_score
28686,2026-03-19 16:44:47+00:00,correo,Van 18 ministros del Interior y el crimen ríe,75.0,0.0
28710,2026-03-20 03:10:15+00:00,larepublica,"Arequipa: Keiko Fujimori indica que siempre da la cara, pero continúa su campaña a escondidas",75.0,0.0
28716,2026-03-20 02:34:27+00:00,larepublica,"José María Balcázar: 10 ministros son investigados por negociación incompatible, colusión, abuso de autoridad",75.0,0.0
28926,2026-03-19 15:41:58+00:00,caretas,Rospigliosi exige priorizar seguridad ante avance de la criminalidad,75.0,0.0
28957,2026-03-20 04:34:19+00:00,elbuho,Ministro de Balcázar acusado de violación sexual a una menor de edad | Al Vuelo,75.0,0.0
27866,2026-03-18 17:44:19+00:00,canaln,Ministro de Producción afirma que gabinete evalúa cuándo solicitar el voto de confianza al Congreso,75.0,0.0
23122,2026-03-11 03:44:53+00:00,larepublica,Perú suscribe compromiso para combatir actividad criminal de carteles con Gobierno de EE. UU. y otros países de la región,75.0,25.0
28178,2026-03-19 02:39:16+00:00,elcomercio,Daniel Urresti: Expertos de la ONU preocupados por excarcelación de condenado por asesinato de periodista Hugo Bustíos,72.0,20.0
27942,2026-03-18 22:40:17+00:00,gestion,Radius alista perforación en Arequipa: proyecto Tierra Roja entra a fase final de permisos,72.0,15.0
27108,2026-03-17 21:39:46+00:00,correo,Colegios no limpian tanques de agua y ponen en riesgo a estudiantes,72.0,5.0
27859,2026-03-18 21:15:20+00:00,canaln,Flavio Cruz afirma que cambios en gabinete sorprendieron y evalúan voto de confianza,72.0,0.0
14966,2026-03-09 16:12:56.558000+00:00,elcomercio,Denisse Miralles: Avanza País no asistirá a convocatoria de diálogo y no dará voto de confianza al Gabinete Ministerial,72.0,0.0
27768,2026-03-18 22:27:37+00:00,rpp,Excongresistas y actuales candidatos al Senado critican la renuncia de Miralles y la presunta injerencia de bancadas en el gabinete,72.0,15.0
26876,2026-03-17 23:44:00+00:00,elcomercio,Denisse Miralles no tiene seguro el voto de confianza: estas son las bancadas que adelantan su negativa y las negociaciones en el Congreso,72.0,0.0
28366,2026-03-20 07:52:56+00:00,elcomercio,Luis Arroyo Sánchez: ¿Cuál es la trayectoria del duodécimo presidente del Consejo de Ministros en el último quinquenio?,72.0,15.0
14712,2026-03-09 05:38:25+00:00,gestion,Fuerza Popular no dará voto de confianza si es que no se anula suspensión de clases presenciales,72.0,0.0
25652,2026-03-14 21:36:15+00:00,caretas,José Luna amenaza con negar voto de confianza al gabinete Miralles,72.0,0.0
28008,2026-03-18 23:10:28+00:00,peru21,Petróleo roza los US$110 tras ataque en Irán,72.0,0.0
24639,2026-03-13 23:07:25+00:00,elcomercio,El Ejecutivo niega que medida de refuerzo policial contra la inseguridad esté ligado al voto de confianza,72.0,0.0
24566,2026-03-13 22:42:54+00:00,larepublica,José Luna anuncia censura contra ministro de Energía y Minas: asegura que no dará voto de confianza al gabinete,72.0,0.0
25078,2026-03-14 08:06:00+00:00,elcomercio,Keiko Fujimori considera “poco probable” que FP otorgue voto de confianza al gabinete de Denisse Miralles,72.0,0.0
24705,2026-03-13 22:33:30+00:00,canaln,Miralles niega condicionamiento del voto de confianza al Congreso,72.0,0.0
23549,2026-03-12 20:51:16+00:00,larepublica,Segundo Montalvo de Perú Libre no otorgará voto de confianza al gabinete de Miralles,72.0,0.0
14343,2026-03-03 21:26:54+00:00,elcomercio,Alejandro Cavero y Alejandro Muñante adelantan que no darán voto de confianza al gabinete de Denisse Miralles,72.0,0.0
22957,2026-03-10 00:07:13+00:00,larepublica,Avanza País no dará voto de confianza al Gabinete de Miralles y promoverá censura de 2 ministros,72.0,0.0
27699,2026-03-18 16:29:00+00:00,correo,"Conductor herido, enfrentamientos y accesos a Huancayo bloqueados por paro de transportistas (VIDEO)",72.0,55.0
27892,2026-03-18 17:56:00+00:00,diariouno,"SUNEDU : Consejero ‘jaranero’ en el ojo de la tormenta, tras denuncias",72.0,0.0
28449,2026-03-19 16:00:01+00:00,elcomercio,"Más que arroyo, pantano",70.0,0.0
25159,2026-03-14 20:56:30+00:00,elcomercio,José Luna anuncia que Podemos evalúa no darle el voto de confianza a Miralles,70.0,0.0
25183,2026-03-14 19:35:12+00:00,elcomercio,Sigue en suspenso decisión del TC sobre Vladimir Cerrón: No se realizó sesión del viernes,70.0,0.0
24364,2026-03-12 08:13:28+00:00,canaln,Vladimir Cerrón: TC dejó al voto recurso por prisión preventiva,70.0,15.0
24385,2026-03-12 23:48:12+00:00,elbuho,Este viernes 13 el TC revisaría caso de Vladimir Cerrón para dejar sin efecto su prisión preventiva,70.0,0.0
24678,2026-03-13 23:39:17+00:00,correo,José Luna Gálvez condiciona voto de confianza a sanción inmediata contra TGP por crisis de GNV,70.0,80.0
24492,2026-03-13 21:00:58+00:00,rpp,Presidenta del TC señaló que causa de Vladimir Cerrón no será vista este viernes: “Es un tema demasiado serio”,70.0,0.0
14193,2026-03-02 22:26:07+00:00,elcomercio,Denisse Miralles: pedido de voto de confianza del Gabinete Ministerial ante el Congreso será el 18 de marzo,70.0,0.0
14245,2026-03-02 22:09:47+00:00,larepublica,Primera ministra Denisse Miralles solicitará al Congreso el voto de confianza el miércoles 18 de marzo,70.0,0.0
25003,2026-03-14 02:25:37+00:00,rpp,"Balcázar sobre voto de confianza a gabinete Miralles: ""Los congresistas son gente que actúa muy razonablemente""",70.0,0.0
24355,2026-03-12 21:42:43+00:00,canaln,Héctor Ventura: “No hay cálculos políticos en voto de confianza”,70.0,0.0
14178,2026-03-01 08:53:52+00:00,larepublica,Asesinato del alcalde Iroshi: quiénes son y qué se sabe de los implicados claves,70.0,20.0
28709,2026-03-20 03:50:17+00:00,larepublica,Rafael Vela acusa al TC de convalidar las leyes procrimen: “Electo con los votos de Cerrón y Fujimori”,70.0,0.0
28706,2026-03-20 05:38:10+00:00,larepublica,"No hay renovación de cuadros: apenas el 6,8% de los candidatos a diputados son jóvenes de 25 a 29 años",70.0,0.0
14426,2026-03-04 00:39:38+00:00,larepublica,"Vladimir Cerrón llama ""oportunista"" a Indira Huilca y ella le responde: ""Es un farsante que ha pactado con el Fujimorismo""",70.0,0.0
25612,2026-03-15 03:44:35+00:00,rpp,Keiko Fujimori anunció que Fuerza Popular decidirá sobre el voto de confianza al Gabinete Miralles el mismo 18 de marzo,70.0,0.0
28685,2026-03-19 17:00:00+00:00,correo,Cambio de premier: Presidente Balcázar admite “recomendación” del Congreso,70.0,15.0
14616,2026-03-06 16:08:00+00:00,larepublica,En tiempo récord: TC fija para el 11 de marzo audiencia por hábeas corpus de Vladimir Cerrón,70.0,0.0
14618,2026-03-06 15:00:00+00:00,larepublica,Hija de Hugo Bustios y su mensaje tras excarcelación de Daniel Urresti: “En este país matan a un periodista y no pasa nada”,70.0,20.0
23898,2026-03-13 16:00:00+00:00,gestion,El voto de confianza y el abismo del Congreso,70.0,0.0
26404,2026-03-17 05:40:17+00:00,larepublica,"Héctor Valer, vocero de Somos Perú, anunció que dará voto de confianza al gabinete de Denisse Miralles",70.0,0.0
26295,2026-03-17 05:03:51+00:00,correo,Hector Valer anuncia voto de confianza a favor de gabinete Miralles: “Maneja la crisis económica con solvencia”,70.0,0.0
23933,2026-03-13 18:17:21+00:00,correo,TC evaluará peligro de fuga y obstrucción antes de votar sobre prisión preventiva de Vladimir Cerrón,70.0,0.0
26428,2026-03-16 18:23:20+00:00,larepublica,"Denisse Miralles sobre su reemplazo de no alcanzar el voto de confianza en el Congreso: ""No lo hemos hablado con el presidente""",70.0,0.0
26503,2026-03-17 03:10:25+00:00,andina,Confiep y gremios invocan al Congreso a la reflexión para otorgar voto de confianza,70.0,0.0
25888,2026-03-15 17:48:39+00:00,correo,Juristas vapulean argumento para liberar a Vladimir Cerrón,70.0,0.0
28607,2026-03-20 03:35:50+00:00,correo,Alcaldes de centros poblados protestan y bloquean sede del Gobierno Regional Huánuco,70.0,0.0
26789,2026-03-17 04:54:41+00:00,canaln,Gremios empresariales piden voto de confianza al gabinete,70.0,0.0
26642,2026-03-16 16:45:23+00:00,caretas,Denisse Miralles espera respaldo del Congreso al voto de confianza,70.0,0.0
26608,2026-03-17 03:01:12+00:00,peru21,Capturan en Piura a implicado en el asesinato de exasesora del Congreso Andrea Vidal,70.0,20.0
26607,2026-03-17 03:02:27+00:00,peru21,Gremios empresariales instan al Congreso a otorgar el voto de confianza para garantizar estabilidad,70.0,0.0
28209,2026-03-19 05:56:02+00:00,larepublica,"Keiko Fujimori visitó fundo San Antonio, propiedad de la familia vinculada a minera de oro en La Rinconada",70.0,0.0
14723,2026-03-08 00:32:00+00:00,gestion,¿Qué ocurrirá con el Gobierno si el Congreso no da el voto de confianza al gabinete Miralles?,70.0,0.0
14674,2026-03-09 06:10:08+00:00,elcomercio,Keiko Fujimori condiciona voto de confianza de Fuerza Popular al Gabinete Ministerial a anulación de clases virtuales,70.0,0.0
14689,2026-03-07 22:17:57+00:00,elcomercio,Flavio Cruz espera que Vladimir Cerrón participe en debate tras audiencia del TC,70.0,0.0
23965,2026-03-13 06:34:21+00:00,correo,Keiko Fujimori dice que el TC emitirá fallo técnico sobre hábeas corpus de Vladimir Cerrón,70.0,0.0
26423,2026-03-16 21:58:52+00:00,larepublica,Implicado en asesinato de Andrea Vidal es investigado por clonación de 210 placas,70.0,20.0
23661,2026-03-13 20:04:00+00:00,elcomercio,"Vladimir Cerrón: ¿Quién es Pedro Hernández, el magistrado del TC ponente del caso del prófugo?",70.0,0.0
23648,2026-03-12 18:34:16+00:00,correo,Vladimir Cerrón: Ernesto Blume dice que TC debe evaluar si se justificó o no la prisión preventiva,70.0,0.0
23643,2026-03-13 01:48:55+00:00,correo,Denisse Miralles resalta diálogo cordial con Fuerza Popular antes del voto de confianza,70.0,0.0
26865,2026-03-17 21:13:40+00:00,elcomercio,Presidenta del TC sobre trámite en caso Vladimir Cerrón: “lamentablemente ha habido algo irregular”,70.0,0.0
23548,2026-03-12 21:36:42+00:00,larepublica,"Humberto Abanto justifica celeridad del TC en caso de Vladimir Cerrón bajo pretexto de ""relevancia electoral""",70.0,0.0
23550,2026-03-12 19:39:46+00:00,larepublica,"RMP sobre pedido de Vladimir Cerrón para dejarlo en libertad: ""Favorecen a los que tienen poder en el Congreso""",70.0,0.0
28007,2026-03-18 23:15:00+00:00,peru21,Nuevo premier no fija todavía fecha para pedir voto de confianza ante el Congreso,70.0,0.0
14961,2026-03-09 21:22:38.901000+00:00,elcomercio,ADEX pide estabilidad y exhorta al Congreso a otorgar el voto de confianza al gabinete de Denisse Miralles,70.0,0.0
14898,2026-03-07 20:12:28+00:00,correo,Flavio Cruz señala expectativa por posible reaparición pública de Vladimir Cerrón,70.0,0.0
14887,2026-03-09 07:26:44+00:00,correo,José Williams Zapata: “No le daría el voto de confianza al Gabinete Miralles”,70.0,0.0
27941,2026-03-18 22:58:02+00:00,gestion,Voto de confianza: Rospigliosi dice que “no hay condiciones para fijar fecha”,70.0,0.0
23647,2026-03-12 17:00:00+00:00,correo,TC: libertad del prófugo Vladimir Cerrón quedó al voto,70.0,0.0
27860,2026-03-18 21:07:52+00:00,canaln,Gladys Echaíz cuestiona cambios de gabinete y advierte estrategia por voto de confianza,70.0,0.0
28025,2026-03-18 21:42:28+00:00,canaln,Fernando Rospigliosi señala que aún no hay fecha para voto de confianza,70.0,0.0
24276,2026-03-13 16:57:05+00:00,caretas,Keiko Fujimori confía en fallo técnico del TC sobre Vladimir Cerrón y no teme debatir con él,70.0,0.0
24349,2026-03-13 09:30:06+00:00,canaln,Pdta. del TC dice que fallo por Vladimir Cerrón dejará precedente,70.0,0.0
26186,2026-03-17 01:58:46+00:00,elcomercio,Gremios empresariales piden a congresistas actuar “a la altura de las circunstancias” y otorgar voto de confianza al gabinete,70.0,0.0
26189,2026-03-16 21:46:00+00:00,elcomercio,Miralles confía en lograr voto de confianza: “Apostamos por convencer a congresistas de que es momento que nuestro país nos vea unidos”,70.0,0.0
26192,2026-03-16 09:55:23+00:00,elcomercio,Denisse Miralles sobre voto de confianza: “Confiamos en que la exposición ante el Congreso sea positiva”,70.0,0.0
25899,2026-03-15 16:00:01+00:00,correo,¿Será el del miércoles el último voto de confianza?,70.0,0.0
25908,2026-03-16 03:18:11+00:00,larepublica,Gabinete Miralles llega debilitado al voto de confianza: 57 congresistas le darían la espalda a ministros,70.0,0.0
26081,2026-03-15 18:09:00+00:00,canaln,Ministro de Vivienda se mostró optimista por voto de confianza,70.0,0.0
23425,2026-03-12 22:09:46+00:00,elcomercio,Miralles tras reunión con Fuerza Popular por voto de confianza: “Ha sido una reunión muy positiva”,70.0,0.0
23422,2026-03-13 03:16:00+00:00,elcomercio,Congreso: ¿Cuál es el ánimo de las bancadas frente al voto de confianza al Gabinete Miralles?,70.0,0.0
23421,2026-03-13 03:16:00+00:00,elcomercio,Vladimir Cerrón culpa al Estado Peruano de obligarlo a fugarse: ¿Cuándo se podría decidir la situación del prófugo fundador de PL?,70.0,0.0
27141,2026-03-17 17:00:00+00:00,correo,Mañana se define voto de confianza,70.0,0.0
27092,2026-03-17 23:47:31+00:00,correo,Presidencia agradece a Denisse Miralles tras renuncia a un día del voto de confianza,70.0,0.0
27081,2026-03-18 01:32:48+00:00,correo,Luz Pacheco: “Ha habido algo irregular” en trámite del caso Vladimir Cerrón en el Tribunal Constitucional,70.0,0.0
27863,2026-03-18 18:34:54+00:00,canaln,Luis Roel advierte tensiones en el Congreso por voto de confianza y cuotas políticas,70.0,0.0
15530,2026-03-05 20:57:37.644000+00:00,gestion,Miralles confía en que el Congreso otorgará voto de confianza a su gabinete,70.0,0.0
15649,2026-03-03 01:53:21.955000+00:00,correo,Keiko Fujimori afirma que Fuerza Popular definirá su voto de confianza tras escuchar al Gabinete de Miralles en Congreso,70.0,0.0
27607,2026-03-18 17:01:00+00:00,gestion,Congresista Bustamante desconoce si Fuerza Popular dará voto de confianza a Gabinete Arroyo,70.0,0.0
27180,2026-03-18 02:08:35+00:00,larepublica,José Zapata Morante jura en reemplazo de Hugo Begazo como ministro del Interior,70.0,0.0
27147,2026-03-17 06:45:05+00:00,correo,Acción Popular se reunirá este martes para fijar postura frente al voto de confianza del gabinete Miralles,70.0,0.0
27546,2026-03-18 19:12:49+00:00,elcomercio,Inestabilidad como cancha,70.0,15.0
15576,2026-03-02 17:38:56.791000+00:00,gestion,Gabinete Miralles acudirá al Congreso el 18 de marzo por voto de confianza,70.0,0.0
15647,2026-03-03 12:00:00+00:00,correo,Gabinete Denisse Miralles pedirá el voto de confianza el 18 de marzo,70.0,0.0
27179,2026-03-18 02:16:43+00:00,larepublica,Denisse Miralles renuncia a la PCM a un día de solicitar el voto de confianza al Congreso,70.0,0.0
23309,2026-03-11 08:54:04+00:00,larepublica,Podemos exige medidas concretas de seguridad ciudadana al gabinete de Miralles para dar el voto de confianza,70.0,0.0
23372,2026-03-12 06:41:06+00:00,rpp,"Magistrado del TC sobre la filtración de un documento en el caso Vladimir Cerrón: ""Fue elaborado por asesores""",70.0,0.0
23410,2026-03-11 23:02:00+00:00,correo,Tribunal Constitucional dejó al voto hábeas corpus presentado por Vladimir Cerrón,70.0,0.0
23373,2026-03-12 06:41:06+00:00,rpp,Vladimir Cerrón: Magistrado del TC Gustavo Gutiérrez Ticse aclara que documento filtrado sobre el caso fue hecho por asesores,70.0,0.0
23412,2026-03-11 17:57:54+00:00,correo,Un acelerado TC evalúa hoy prisión de Vladimir Cerrón,70.0,0.0
23415,2026-03-11 08:19:40+00:00,correo,TC evaluará este miércoles 11 de marzo hábeas corpus de Vladimir Cerrón,70.0,0.0
23416,2026-03-11 08:14:20+00:00,correo,Miralles anuncia inicio de reuniones con bancadas del Congreso previo al voto de confianza,70.0,0.0
23411,2026-03-11 20:13:45+00:00,correo,Cuestionan celeridad del Tribunal Constitucional en caso de habeas corpus de Vladimir Cerrón,70.0,0.0
23210,2026-03-11 02:22:43+00:00,rpp,José Luna Gálvez: Podemos daría el voto de confianza si gabinete Miralles anuncia medidas concretas contra la criminalidad,70.0,0.0
23224,2026-03-11 02:04:59+00:00,correo,Denisse Miralles confía en que el Congreso otorgará el voto de confianza al gabinete,70.0,0.0
27619,2026-03-17 17:10:00+00:00,gestion,Miralles se reúne con la bancada de Somos Perú previo al pedido de voto de confianza,70.0,0.0
27623,2026-03-17 15:00:00+00:00,gestion,Un voto de confianza en tiempos de incertidumbre,70.0,0.0
27705,2026-03-18 21:08:47+00:00,larepublica,Caso Hugo Bustíos: CIDH cuestiona fallo del TC que anuló condena a Daniel Urresti por asesinato del periodista,70.0,20.0
23297,2026-03-12 04:22:59+00:00,larepublica,Vladimir Cerrón: Humberto Abanto justifica su situación como prófugo y TC deja a voto anulación de prisión preventiva,70.0,0.0
23303,2026-03-12 00:13:33+00:00,larepublica,Vladimir Cerrón: Tribunal Constitucional deja a voto habeas corpus que busca anular su prisión preventiva,70.0,0.0
27181,2026-03-18 01:58:23+00:00,larepublica,"Juliana Oxenford recuerda asesinato de Andrea Vidal: “¿Si ella hablaba, caían muchos?”",70.0,20.0
27518,2026-03-18 21:02:32+00:00,elcomercio,Comisión de Energía aprueba cambios en la Ley de Minería y reaviva alertas por impacto en inversión y estabilidad jurídica,70.0,55.0
27467,2026-03-17 23:52:32+00:00,elbuho,Denisse Miralles renuncia antes de presentarse en el Congreso por el voto de confianza,70.0,0.0
27452,2026-03-18 08:03:05+00:00,elbuho,Voto de confianza al nuevo gabinete de Balcázar podría postergarse hasta después de elecciones | Al Vuelo,70.0,0.0
27450,2026-03-17 07:00:00+00:00,canaln,Piura: capturan a presunto implicado en asesinato de Andrea Vidal,70.0,20.0
23045,2026-03-10 05:32:12+00:00,larepublica,Fuerza Popular y Avanza País se aprovechan de crisis energética para condicionar al Gobierno con el voto de confianza,70.0,0.0
22956,2026-03-10 01:45:36+00:00,larepublica,TC cambia a audiencia virtual el habeas corpus de Vladimir Cerrón para anular su prisión preventiva,70.0,0.0
27416,2026-03-17 17:07:52+00:00,caretas,Confiep presiona por voto de confianza al gabinete Miralles y advierte riesgo de inestabilidad,70.0,0.0
27519,2026-03-18 20:01:00+00:00,elcomercio,Vladimir Cerrón: Los entretelones de la decisión del TC de investigar la presunta irregularidad en la tramitación del caso,70.0,0.0
23115,2026-03-11 05:19:07+00:00,larepublica,"José María Balcázar: ""Con Vladimir Cerrón me llevo muy bien. Con él y todos los líderes políticos""",70.0,5.0
23193,2026-03-11 01:07:58+00:00,rpp,Vladimir Cerrón acude al TC para que anule la prisión preventiva en su contra y José Luna busca revocar acción fiscal de lavado de activos,70.0,25.0
15651,2026-03-02 18:50:58.182000+00:00,correo,Fernando Rospigliosi llama a la calma y sensatez ante voto de confianza,70.0,0.0
27525,2026-03-18 21:50:44+00:00,elcomercio,El Gabinete Arroyo: La historia detrás de la caída de Miralles y los antecedentes de los nuevos ministros,70.0,0.0
27448,2026-03-17 17:09:52+00:00,canaln,José Cueto: No hemos tomado una decisión si dar o no el voto de confianza al gabinete Miralles,70.0,0.0
23074,2026-03-11 05:53:00+00:00,elcomercio,Encuesta de Datum: El 57% cree que el Gabinete Ministerial está copado por gente de César Acuña y Vladimir Cerrón,70.0,0.0
23077,2026-03-11 04:29:00+00:00,elcomercio,Vladimir Cerrón: ¿Cuál sería el ánimo en el TC frente a pedido para anular su orden de captura y cómo llegó a programarse tan rápido el caso?,70.0,15.0
27417,2026-03-17 17:02:38+00:00,caretas,Acción Popular define voto de confianza al gabinete Miralles en reunión clave,70.0,0.0
23244,2026-03-11 06:13:23+00:00,rpp,"José María Balcázar tilda de ""chiste"" versiones sobre presión de Vladimir Cerrón para cambiar el Gabinete",70.0,0.0
23230,2026-03-10 21:50:31+00:00,correo,Acción Popular se reunirá hoy con la premier Denisse Miralles para definir voto de confianza,70.0,0.0
22950,2026-03-10 01:58:50+00:00,gestion,Adex exhorta al Congreso otorgar el voto de confianza al gabinete Denisse Miralles,70.0,0.0
15666,2026-03-01 23:46:43.883000+00:00,correo,Denisse Miralles iniciará ronda de diálogo con bancadas del Congreso en busca del voto de confianza,70.0,0.0
15652,2026-03-02 18:45:01.342000+00:00,correo,Premier Miralles confirma fecha para solicitar voto de confianza ante el Congreso: “Será el 18 de marzo ”,70.0,0.0
23258,2026-03-11 22:58:58+00:00,elcomercio,Vladimir Cerrón: TC deja al voto recurso del prófugo para anular órdenes de captura y prisión preventiva,70.0,0.0
27317,2026-03-18 06:55:17+00:00,rpp,Vladimir Cerrón: Magistrado del TC Manuel Monteagudo a favor de investigar supuestas irregularidades en el trámite de su caso,70.0,0.0
23260,2026-03-11 20:03:48+00:00,elcomercio,Miguel Torres sobre voto de confianza al gabinete: “Vamos a aprovechar estos días para analizar cada uno de los pasos que van a dar”,70.0,0.0
14247,2026-03-02 21:31:08+00:00,larepublica,Junín: Sicario delata al autor intelectual del asesinato del alcalde Iroshi Ureta,70.0,20.0
29003,2026-03-20 09:03:49+00:00,larepublica,Fernando Rospigliosi señala que aún no se puede fijar fecha para el voto de confianza al gabinete Arroyo,70.0,0.0
27403,2026-03-17 22:52:36+00:00,caretas,Denisse Miralles renunció a la PCM a un día de debatirse el voto de confianza,70.0,0.0
27370,2026-03-18 04:05:29+00:00,peru21,🔴EN VIVO nuevo gabinete de José María Balcázar a un día del voto de confianza,70.0,0.0
27350,2026-03-18 01:30:12+00:00,rpp,"Luz Pacheco dice que ""está clarísimo"" que hubo ""algo irregular"" dentro del TC en trámite de demanda de Vladimir Cerrón",70.0,0.0
14269,2026-03-03 16:00:01+00:00,elcomercio,Calendario mortal,70.0,0.0
14267,2026-03-03 17:57:17+00:00,elcomercio,Denisse Miralles solicitará el voto de confianza el 18 de marzo: ¿Cuál será la base de su discurso para lograr respaldo en el Congreso?,70.0,0.0
14318,2026-03-03 05:30:11+00:00,larepublica,Gabinete de Denisse Miralles: Renovación Popular y Avanza País no darían el voto de confianza,70.0,0.0
28975,2026-03-19 09:52:08+00:00,elbuho,Congreso dejó de blindar a Dina Boluarte y Santiváñez y los acusan por el caso Cofre | Al Vuelo,68.0,0.0
27211,2026-03-18 03:13:49+00:00,larepublica,Estudiantes de Pucallpa inician año escolar cruzando el colegio en botes tras inundación por la crecida del río Ucayali,68.0,5.0
27526,2026-03-18 21:47:56+00:00,elcomercio,"Keiko Fujimori sobre salida de Denisse Miralles y nuevo Gabinete: “Sorprendente, lamentable el habernos enterado de esta renuncia”",68.0,0.0
27544,2026-03-18 20:36:03+00:00,elcomercio,Patricia Juárez sobre Luis Arroyo: “No sé quién es el señor que ahora es el presidente del Consejo de Ministros”,68.0,0.0
27707,2026-03-18 09:41:20+00:00,larepublica,"Los aciertos, errores y antecedentes de 6 candidatos presidenciales",68.0,0.0
28106,2026-03-18 23:52:38+00:00,peru21,Martín Salas de APP: propuestas contra la corrupción y el crimen organizado en Pienso Luego Voto,68.0,0.0
27967,2026-03-18 23:44:49+00:00,larepublica,Rosa María Palacios cuestiona al Gobierno de Balcázar: “Un mes en el poder y ya tiene dos gabinetes”,68.0,0.0
28026,2026-03-18 23:11:01+00:00,elbuho,Yura a la deriva: descontrol en ayuda humanitaria y maquinaria inoperativa ante emergencias,68.0,70.0
28691,2026-03-19 06:23:18+00:00,correo,Gabinete Luis Arroyo: Al menos diez ministros enfrentan investigaciones,68.0,50.0
27408,2026-03-17 22:11:14+00:00,caretas,López Aliaga acusa a familia Acuña de corrupción en mitin en Trujillo,65.0,0.0
14268,2026-03-03 17:09:59+00:00,elcomercio,La fragmentación del voto presidencial es la más alta de los últimos 45 años: ¿A qué se debe la dispersión de las preferencias electorales?,65.0,0.0
23232,2026-03-10 17:00:00+00:00,correo,Roberto Sánchez imita campaña del golpista Pedro Castillo,65.0,0.0
27351,2026-03-17 22:43:15+00:00,rpp,Presidente José Balcázar tomó juramento a nuevo Gabinete liderado por Luis Arroyo,65.0,0.0
28855,2026-03-20 03:48:55+00:00,rpp,Minem alerta que dictamen del Congreso sobre concesiones ‘ociosas’ incentivaría la minería ilegal: ¿de qué trata?,65.0,0.0
14408,2026-03-04 15:05:00+00:00,larepublica,"López Aliaga y Keiko Fujimori se enfrentarán en debate presidencial sobre educación, innovación y tecnología",65.0,0.0
14406,2026-03-04 20:09:56+00:00,larepublica,Pedro Castillo y Betssy Chávez: Congreso intentará revertir decisión que evitó la inhabilitación del expresidente y la expremier,65.0,0.0
27684,2026-03-18 18:18:00+00:00,correo,Balcázar sobre salida de Miralles: “Tenemos que darle más fuerza al problema de la inseguridad ciudadana”,65.0,0.0
15644,2026-03-03 16:03:19.276000+00:00,correo,Corte Suprema revisará apelación de Dina Boluarte por denuncia vinculada a la desactivación de equipo PNP que apoyaba al EFICCOP,65.0,0.0
27547,2026-03-18 18:05:53+00:00,elcomercio,José María Balcázar dice que salida de Miralles es para darle más fuerza al problema de la inseguridad: “Yo puedo cambiar a cualquier ministro”,65.0,15.0
27178,2026-03-18 02:18:27+00:00,larepublica,Gabinete EN VIVO: José María Balcázar toma juramento a nuevos ministros tras renuncia de Denisse Miralles,65.0,0.0
27177,2026-03-18 02:34:59+00:00,larepublica,Crisis ministerial EN VIVO: Nuevo gabinete liderado por Luis Enrique Arroyo Sánchez juramentó en el Gobierno de Balcázar,65.0,0.0
27830,2026-03-18 22:04:27+00:00,caretas,Instalarán cámaras en buses para frenar la delincuencia,65.0,0.0
27858,2026-03-18 08:17:20+00:00,caretas,Premier Luis Arroyo: nuevo gabinete garantiza estabilidad y unidad en Perú,65.0,0.0
27087,2026-03-18 01:00:56+00:00,correo,PCM: Nuevo Gabinete Ministerial juramenta hoy tras renuncia de Denisse Miralles,65.0,0.0
27822,2026-03-18 20:12:26+00:00,peru21,Piura: docentes arriesgan su vida entre huaicos para dar clases presenciales (VIDEO),65.0,0.0
27517,2026-03-18 21:57:21+00:00,elcomercio,Geely lidera la venta de SUV con tecnología ADAS y se posiciona como referente en seguridad,65.0,0.0
23295,2026-03-12 04:50:24+00:00,larepublica,Tribunal Constitucional deja al voto demanda de inconstitucional contra Ley de Amnistía del Congreso,65.0,0.0
27706,2026-03-18 19:21:46+00:00,larepublica,"Balcázar admite que el Congreso ""recomendó"" nombrar a un nuevo premier para combatir la inseguridad ciudadana",65.0,0.0
28717,2026-03-20 02:31:31+00:00,larepublica,"Keiko Fujimori sobre el ministro de Energía y Minas: ""Una persona que tiene este tipo de acusaciones no debe ejercer este cargo""",65.0,0.0
28715,2026-03-20 02:36:01+00:00,larepublica,Dina Boluarte y Juan Santiváñez: SAC del Congreso declaró procedente denuncia constitucional por caso 'El Cofre',65.0,0.0
28721,2026-03-19 22:14:38+00:00,larepublica,"Tres policías integran banda criminal dedicada al robo agravado, extorsión y lavado de activos",65.0,0.0
14410,2026-03-04 09:00:29+00:00,larepublica,Corte Suprema revisará pedido de Dina Boluarte para anular denuncia por desactivación de equipo PNP que apoyaba al Eficcop,65.0,0.0
27733,2026-03-18 22:07:39+00:00,andina,Taxis por aplicativo solo podrán cobrar 20% de comisión a sus conductores por servicio,65.0,0.0
25886,2026-03-15 18:32:44+00:00,correo,"“Votar bien es elegir a alguien totalmente distinto a Pedro Castillo”, señala el canciller Hugo de Zela",65.0,0.0
27983,2026-03-18 22:42:06+00:00,andina,Presidente Balcázar: nuevo Gabinete dará mayor impulso al tema de la seguridad,65.0,0.0
26514,2026-03-16 17:27:06+00:00,andina,Osiptel abre consulta para modificar norma sobre operadores de infraestructura móvil rural,65.0,0.0
26414,2026-03-17 02:03:57+00:00,larepublica,"Wolfgang Grozo habría buscado ser ministro en el gobierno de Pedro Castillo, según chats",65.0,0.0
14438,2026-03-05 22:01:24+00:00,elcomercio,Dueño de la casa de Sarratea busca su libertad: ¿Cuál es la situación del caso “Asesores en la Sombra” de Pedro Castillo?,65.0,0.0
28446,2026-03-19 21:35:07+00:00,elcomercio,"Keiko Fujimori sobre denuncia contra ministro Alfaro: “De ser así, esperamos que una persona con ese tipo de acusaciones no ejerza este cargo”",65.0,0.0
28677,2026-03-19 18:29:57+00:00,correo,Niños reciben clases en un baño acondicionado en Piura,65.0,0.0
28683,2026-03-19 17:49:16+00:00,correo,Organización criminal que lideró Pedro Castillo suma 98 investigados,65.0,0.0
25397,2026-03-14 21:00:33+00:00,caretas,Elecciones en el CAL 2026: ¿Delia Espinoza o Humberto Abanto?,65.0,15.0
29052,2026-03-20 09:51:29+00:00,rpp,Callao: familia pide ayuda para que paciente diabética consiga análisis en el Hospital Nacional Daniel Carrión,65.0,15.0
28684,2026-03-19 17:13:11+00:00,correo,Titular del MEF tiene caso por lavado de activos,65.0,0.0
24927,2026-03-14 04:18:50+00:00,larepublica,José Domingo Perez denuncia que BCP no lo deja abrir una cuenta: banco responde que no están obligados,65.0,0.0
14439,2026-03-05 22:01:14+00:00,elcomercio,Dina Boluarte: Lo que viene ahora en el Congreso frente a la denuncia por el caso Cirugías,65.0,0.0
14512,2026-03-05 17:20:34+00:00,larepublica,Dina Boluarte: Congreso otorga 15 días a la SAC para investigar denuncia constitucional por Caso Cirugías,65.0,0.0
28704,2026-03-20 06:39:26+00:00,larepublica,El papa León XIV se reunió con periodista que destapó las atrocidades del Opus Dei,65.0,0.0
28010,2026-03-18 22:49:45+00:00,peru21,Keiko Fujimori cuestiona que bancadas adelanten votación en contra sin escuchar al gabinete,65.0,0.0
26816,2026-03-18 07:20:52+00:00,elcomercio,Rafael López Aliaga plantea retiro de la Corte IDH y jueces sin rostro,65.0,0.0
28208,2026-03-19 05:58:03+00:00,larepublica,JNJ consuma venganza contra Pablo Sánchez: ya no continuará como fiscal supremo,65.0,0.0
27980,2026-03-18 23:00:00+00:00,andina,Oficializan realización de la Convención Minera Internacional Exposimim 2026 en Huancayo,65.0,0.0
28951,2026-03-19 19:48:16+00:00,canaln,Keiko Fujimori propone asociación público-privada para Petroperú y cuestiona aporte estatal,65.0,0.0
14640,2026-03-07 02:48:08+00:00,elcomercio,Subcomisión de Acusaciones Constitucionales aprueba recomendar acusación contra Pedro Castillo por ascensos irregulares en FF.AA. y PNP,65.0,0.0
26478,2026-03-16 22:17:39+00:00,larepublica,"ONU confirma persistencia de ""torturas y malos tratos"" contra presos en Venezuela pese a Ley de Amnistía",65.0,0.0
28272,2026-03-19 04:32:21+00:00,rpp,Áncash: alertan peligro de derrumbe de infraestructura de la Compañía de Bomberos de Chimbote,65.0,0.0
27836,2026-03-18 21:32:05+00:00,caretas,Balcázar: “Yo puedo cambiar a cualquier ministro” tras salida de Miralles,65.0,0.0
27864,2026-03-18 18:22:58+00:00,canaln,"Luis Solari: Luis Arroyo Sánchez, jefe de Gabinete que acaba de juramentar, no tiene oficio político",62.0,0.0
28944,2026-03-19 22:32:32+00:00,canaln,Tumbes: Confirman segunda muerte por leptospirosis,62.0,0.0
28596,2026-03-20 04:14:54+00:00,correo,Congreso debate interpelación al ministro de Transportes tras responder pliego de preguntas,62.0,15.0
28644,2026-03-19 22:14:52+00:00,correo,Petróleo de Texas sube hasta 100 dólares pese a planes de Donald Trump para contener precios,62.0,35.0
27545,2026-03-18 20:06:53+00:00,elcomercio,Ministro de Comercio Exterior y Turismo: “Estamos coordinando con el Congreso de la República por parte del premier”,62.0,35.0
28832,2026-03-20 07:07:54+00:00,rpp,La Libertad: allanan celda de presunto miembro de 'Los Pulpos' por vínculos con sospechoso del atentado a discoteca Dalí,62.0,15.0
25260,2026-03-14 18:56:56+00:00,correo,Gobierno decreta estado de emergencia en Pisco por 60 días para reforzar la seguridad,61.0,0.0
28617,2026-03-20 02:11:44+00:00,correo,"Arequipa: Por alza de combustible, colectivos del valle de Tambo suben 0.50 céntimos el pasaje",60.0,30.0
28529,2026-03-20 01:24:43+00:00,gestion,Elecciones 2026: guía clave para no perder tu elección en los comicios,60.0,0.0
14435,2026-03-05 19:00:00+00:00,elcomercio,Elecciones Perú 2026: revisa cómo es la cédula y evita errores al votar | El Comercio,60.0,0.0
28687,2026-03-19 16:00:00+00:00,correo,Fiscalía ingresa a hospitales por contrato del Caso Horna,60.0,0.0
24149,2026-03-13 20:37:12+00:00,andina,Elecciones 2026: ¿Cómo votar correctamente y evitar que tu voto sea anulado?,60.0,0.0
27977,2026-03-18 23:30:00+00:00,andina,Elecciones 2026: practica cómo marcar tu voto con simulador de la Agencia Andina,60.0,0.0
14724,2026-03-07 23:09:38+00:00,gestion,Gobierno anuncia teletrabajo y clases virtuales por falta de gas,60.0,65.0
28290,2026-03-19 03:44:11+00:00,rpp,Gobernadora de La Libertad solicitará nueva prórroga de estado de emergencia ante la inseguridad ciudadana,60.0,40.0
27877,2026-03-18 20:58:02+00:00,elbuho,Elecciones 2026: Conozca la cédula de votación para no cometer errores y elegir bien,60.0,0.0
28989,2026-03-20 05:54:52+00:00,diariouno,Flavio Echeverría Ortiz un joven talento del fútbol que espera una oportunidad en Europa,60.0,0.0
28940,2026-03-20 02:55:07+00:00,canaln,Polémica por dictamen minero aprobado en comisión del Congreso,60.0,60.0
27466,2026-03-18 01:29:26+00:00,elbuho,Nuevo Gabinete lo preside el general en retiro EP Luis Arroyo Sánchez en reemplazo de Miralles,60.0,5.0
28946,2026-03-19 21:33:48+00:00,canaln,"Eduardo Salhuana sobre ministro Alfaro: Si no desvirtúa acusaciones, el gobierno debe tomar medidas",58.0,0.0
28954,2026-03-19 17:37:48+00:00,canaln,Ariana Orué señala que bancadas habrían influido en cambios recientes del gabinete,58.0,0.0
28109,2026-03-19 00:42:20+00:00,inforegion,Llata: Más de 300 escolares inician clases en nueva infraestructura educativa,58.0,0.0
27704,2026-03-18 08:19:13+00:00,correo,“La Bella Luz” estrena la cumbia  “Déjalos que hablen”,55.0,15.0
27405,2026-03-17 22:37:33+00:00,caretas,Fiscalía incauta barra de oro ilegal en Puno valorizada en más de USD 600 000,55.0,0.0
28947,2026-03-19 21:15:46+00:00,canaln,Susel Paredes cuestiona a Balcázar por nombramiento de ministro Alfaro tras denuncia en su contra,55.0,0.0
23294,2026-03-12 06:47:34+00:00,larepublica,"Denisse Miralles niega que se privatice Petroperú: ""Nunca estuvo en el plan privatizarlo, nunca fue una solución""",55.0,0.0
28984,2026-03-20 07:04:13+00:00,diariouno,Nombran director de Cayetano Heredia a investigado por coimas,55.0,0.0
28895,2026-03-20 03:21:48+00:00,caretas,Congreso aprueba dictamen que debilita minería formal y fortalece la ilegalidad,55.0,0.0
28712,2026-03-20 02:55:33+00:00,larepublica,Más de 150 observadores de la Unión Europea supervisarán las Elecciones Generales 2026,55.0,0.0
28928,2026-03-20 06:53:47+00:00,canaln,Madre de Dios: López Aliaga propuso formalizar a todos mineros,55.0,0.0
14337,2026-03-04 19:00:00+00:00,elcomercio,"PerúCheck: Es falso que el canon minero “no se vea” en la sierra liberteña, como indicó la candidata Rosario del Pilar Fernández",55.0,0.0
23046,2026-03-10 05:29:24+00:00,larepublica,"Jusdem denuncia ante la CIDH: ""El retorno de jueces y fiscales investigados es un riesgo para el sistema de justicia""",55.0,5.0
27465,2026-03-18 03:06:01+00:00,elbuho,"Es cierto que con los votos de Fuerza Popular se censuraron ministros del Interior, como afirmó Keiko Fujimori",55.0,0.0
23118,2026-03-11 05:01:06+00:00,larepublica,Poder Judicial declara reo contumaz a candidata a diputada de Fuerza Popular en Ucayali,55.0,0.0
23292,2026-03-12 06:52:26+00:00,larepublica,Rafael Vela: ANC del Ministerio Público lo suspende por 9 meses por declaraciones en el caso Alejandro Toledo,55.0,0.0
23231,2026-03-10 18:23:30+00:00,correo,Encuesta Datum: 63% desaprueba gestión de José Balcázar,55.0,0.0
23229,2026-03-10 22:18:11+00:00,correo,Mario Vizcarra defiende inocencia de Martín Vizcarra y promete indulto si gana la presidencia,55.0,0.0
15665,2026-03-02 00:23:20.064000+00:00,correo,Arturo Fernández acusa traición en su partido tras exclusión del JNE y renuncia a campaña electoral,55.0,5.0
15653,2026-03-02 18:20:09.321000+00:00,correo,Denisse Miralles niega que Gabinete haya sido repartido por cuotas políticas,55.0,0.0
27816,2026-03-18 21:24:32+00:00,peru21,Senegal apelará al TAS para recuperar el título de la Copa Africana de Naciones,55.0,0.0
15648,2026-03-03 12:00:00+00:00,correo,Perú Libre tuvo más de 20 ministros en la era Castillo,55.0,0.0
27165,2026-03-18 07:54:23+00:00,larepublica,Clonador de placas David More es clave en el crimen de Andrea Vidal,55.0,0.0
27088,2026-03-18 00:25:46+00:00,correo,Siete colegios de Arequipa no cumplen nivel mínimo de cloro en el agua,55.0,0.0
23314,2026-03-12 04:31:50+00:00,larepublica,Capeco: Cada hora se registran dos roturas de tuberías de agua,55.0,5.0
23392,2026-03-12 03:30:10+00:00,rpp,Gremios de transportistas convocan a paro nacional indefinido desde el jueves 12 de marzo por la inseguridad y crisis energética,55.0,65.0
22958,2026-03-09 23:45:40+00:00,larepublica,"Urpi Gibbons: ""No voy a votar por nadie que restrinja los derechos fundamentales""",55.0,0.0
26419,2026-03-17 00:42:26+00:00,larepublica,Congreso consigue firmas para presentar una moción de interpelación contra el ministro de Economía,55.0,55.0
28066,2026-03-19 00:23:23+00:00,correo,Estudiantes de Apipa Sector III se quedan sin cocina para el desayuno escolar,55.0,0.0
26874,2026-03-18 00:14:11+00:00,elcomercio,Yonhy Lescano propone industrializar el país en el área rural durante foro de candidatos,55.0,15.0
26705,2026-03-16 23:04:19+00:00,elbuho,Productores de arroz inician huelga nacional y bloquean tramos de la carretera Fernando Belaunde Terry,55.0,65.0
14713,2026-03-09 05:30:00+00:00,gestion,Colegios privados rechazan clases virtuales: “No es una alternativa equitativa para todos”,55.0,0.0
14767,2026-03-08 22:04:39+00:00,larepublica,"Mario Vizcarra anuncia que indultará a Martín Vizcarra si llega a ser presidente: ""Lo sacaron de la política""",55.0,0.0
24062,2026-03-13 09:08:00+00:00,larepublica,¿Habrá paro nacional hoy 12 de marzo tras lo anunciado por el Gobierno sobre el gas? Esto dicen los gremios de transporte,55.0,65.0
28038,2026-03-19 01:04:12+00:00,elcomercio,Candidata Diana Gonzales sobre nuevo Gabinete: “Esto es producto de la improvisación de la izquierda cuando llega al poder”,55.0,0.0
26429,2026-03-16 09:10:28+00:00,larepublica,El 34% de peruanos piensa que José Balcázar será censurado antes de julio,55.0,25.0
25909,2026-03-16 03:11:30+00:00,larepublica,"Fernando Tuesta advierte descenso de López Aliaga: “Cuando uno cae en el último mes, es difícil recuperar”",55.0,0.0
24104,2026-03-11 23:45:08+00:00,larepublica,¿Las clases serán presenciales o virtuales este jueves 12 de marzo por convocatoria de paro nacional?,55.0,65.0
24107,2026-03-11 21:22:00+00:00,larepublica,Taxistas rechazan bono de S/120 del Gobierno y confirman participación en paro nacional este 12 de marzo,55.0,65.0
26270,2026-03-17 04:20:25+00:00,gestion,Plantean interpelar al ministro de Economía por crisis energética y finanzas de Petroperú,55.0,55.0
25653,2026-03-14 21:26:45+00:00,caretas,Crisis del gas: Gobierno anuncia planta regasificadora para reforzar la seguridad energética,55.0,0.0
25756,2026-03-15 21:55:51+00:00,elcomercio,Gerente general de Transvida: “Vemos oportunidades donde otros solo ven residuos”,55.0,0.0
28666,2026-03-19 19:46:00+00:00,correo,Ica: actos de vandalismo generan temor en vecinos de la urbanización San Isidro,55.0,0.0
14629,2026-03-06 01:07:38+00:00,larepublica,Lupe Zevallos: así fue la captura de la hermana del narco “Lunarejo” condenada por lavado de activos,55.0,15.0
28368,2026-03-20 04:45:51+00:00,elcomercio,"Esto es lo que necesitas recordar sobre “Peaky Blinders” antes de ver “El hombre inmortal”, la película de Netflix",55.0,0.0
28521,2026-03-20 02:15:45+00:00,gestion,"Perú y su inversión en el mundo: cuánto avanzó, cifras y matrices",55.0,15.0
14617,2026-03-06 15:43:00+00:00,larepublica,"Rafael López Aliaga no declaró empresa Perú Desarrollo Inmobiliarios, socia de Peruval Corp. S.A",55.0,0.0
28573,2026-03-19 17:10:00+00:00,gestion,Crisis de gas elevó en S/45 millones los costos de bodegas limeñas,55.0,70.0
28688,2026-03-19 09:22:52+00:00,correo,Exhortan a candidatos al Congreso a cerrar brechas de las atenciones oncológicas,55.0,0.0
24567,2026-03-13 22:53:45+00:00,larepublica,GNV: se restablece el transporte de gas natural tras reparación del ducto,55.0,5.0
14194,2026-03-02 21:20:55+00:00,elcomercio,Elecciones 2026: Partidos entran en la recta final de la campaña sin acreditar aún personeros ¿cuál es su papel el día de la votación?,55.0,0.0
14101,2026-03-01 16:35:05+00:00,elcomercio,"Tribuna electoral: Las propuestas de los candidatos Guevara, Ayasta, Soto e Inga para la Cámara de Diputados",55.0,0.0
14967,2026-03-09 15:43:17.909000+00:00,elcomercio,"Edward Málaga, candidato al Senado, anuncia que además integra el equipo de plan de gobierno de Carlos Álvarez",52.0,0.0
23078,2026-03-11 03:29:29+00:00,elcomercio,Candidatos Úrsula Silva y Brayan Valentín debaten sus propuestas en “Versus” de El Comercio,52.0,0.0
28948,2026-03-19 21:04:51+00:00,canaln,César Quispe: Denuncia contra Alfaro debe ser investigada por instancias correspondientes,52.0,0.0
15066,2026-03-09 17:52:02.198000+00:00,elcomercio,Moody’s: interrupción del transporte de gas de Camisea presiona a perfiles crediticios de diversos sectores de la economía peruana,52.0,0.0
14319,2026-03-03 05:19:58+00:00,larepublica,Elecciones 2026: 14 candidatos a vicepresidentes habrían presentado información falsa en su hoja de vida,52.0,0.0
26771,2026-03-16 19:11:41+00:00,gestion,PPK: Las lecciones del gas de Camisea y la  fragilidad del sistema,50.0,0.0
28448,2026-03-19 06:25:03+00:00,elcomercio,Peruanos en Medio Oriente no podrán votar este 12 de abril por conflicto,50.0,0.0
14641,2026-03-07 01:25:56+00:00,elcomercio,Subcomisión de Acusaciones Constitucionales declara improcedente denuncia constitucional de Delia Espinoza contra Patricia Benavides,50.0,0.0
14670,2026-03-06 23:51:52+00:00,larepublica,"RMP sobre orden de revisar plazo de condenas de Vladimiro Montesinos: ""Qué ganas de sacarlo en medio de la campaña""",50.0,0.0
14682,2026-03-09 02:05:00+00:00,elcomercio,Vladimiro Montesinos: Las claves del juicio por Caso ‘Sobres bomba’ que ingresa a la recta final,50.0,0.0
28734,2026-03-20 04:45:56+00:00,larepublica,Chiclayo: intervienen bus con 27 extranjeros que ingresaron de forma ilegal al país,50.0,15.0
26709,2026-03-16 22:37:35+00:00,elbuho,Red policial integrada por 49 efectivos «Los Cumpas del Sur» desarticulada por Fiscalía en la región Puno,50.0,0.0
23447,2026-03-13 04:58:57+00:00,gestion,BCRP mantiene tasa en 4.25% por sexto mes consecutivo,50.0,0.0
28874,2026-03-20 06:57:10+00:00,peru21,Desconocidos izaron la bandera de Bolivia en territorio peruano (VIDEO),50.0,0.0
14414,2026-03-04 06:01:22+00:00,larepublica,Daniel Urresti sale libre beneficiado por el TC: familia de Hugo Bustíos denuncia afectación al estado de derecho,50.0,15.0
26643,2026-03-16 16:31:50+00:00,caretas,Balcázar aparece en reunión privada fuera de la agenda oficial,50.0,0.0
28939,2026-03-20 03:05:53+00:00,canaln,Congreso interpela a ministro Aldo Prieto por obras viales,50.0,15.0
27371,2026-03-18 04:02:48+00:00,peru21,Nvidia reanuda la producción de chips para clientes chinos,50.0,0.0
23423,2026-03-13 01:43:52+00:00,elcomercio,Leyla Huerta y Roxana Rocha exponen en Versus las visiones del Partido Morado y Renovación Popular sobre la educación sexual y la familia,50.0,15.0
25894,2026-03-15 17:24:31+00:00,correo,Hoy reclama gratis tu crucimanía que te regala Diario Correo,50.0,0.0
24257,2026-03-13 19:19:08+00:00,peru21,Vladimiro Montesinos EN VIVO: Alegatos finales del juicio por 'Caso sobres bomba',50.0,0.0
23075,2026-03-11 04:34:00+00:00,elcomercio,Elecciones 2026: ONPE realiza las pruebas de color para luego iniciar la impresión de las cédulas de sufragio ¿qué sigue después?,50.0,0.0
23234,2026-03-10 06:04:37+00:00,correo,Minem actualizó priorización de gas natural para usuarios en Lima y Callao tras emergencia,50.0,80.0
27709,2026-03-18 22:22:03+00:00,larepublica,Cinco aeropuertos del sur recibirán US$470 millones en obras para duplicar capacidad operativa: ¿Cuáles son?,50.0,0.0
24679,2026-03-13 23:36:00+00:00,correo,Chincha: amplían a 24 meses de prisión preventiva en el caso “Los cuellos blancos de Sunampe”,50.0,15.0
15664,2026-03-02 02:55:00.599000+00:00,correo,Presidente Balcázar promovió 9 universidades en distritos pobres que podrían tomar hasta 7 años en funcionar,50.0,10.0
28635,2026-03-19 23:49:55+00:00,correo,La Libertad: Rescatan a tres mineros atrapados dentro de socavón,50.0,25.0
14513,2026-03-05 15:50:00+00:00,larepublica,Jorge Nieto Montesinos: ¿quién es el candidato presidencial del partido del Buen Gobierno?,50.0,0.0
14620,2026-03-06 15:00:00+00:00,larepublica,Vladimiro Montesinos: Juzgado Constitucional ordena revisar plazo de las condenas impuestas a exasesor de Fujimori,50.0,0.0
15650,2026-03-02 22:46:41.217000+00:00,correo,JEE inició proceso sancionador contra Miguel Torres Morales,50.0,0.0
15562,2026-03-03 21:23:09.456000+00:00,gestion,SPH plantea medidas excepcionales para garantizar abastecimiento de gas natural,50.0,60.0
23649,2026-03-12 18:00:43+00:00,correo,La ANC suspende 9 meses a Vela Barba,50.0,0.0
14621,2026-03-06 06:29:16+00:00,larepublica,José Balcázar promulgó 8 leyes para crear nuevas universidades: proyectos no tienen financiamientos,50.0,0.0
23546,2026-03-12 21:44:46+00:00,larepublica,Delia Espinoza sobre nuevo pedido de inhabilitación: “Me quieren desaparecer del plano público”,50.0,0.0
27166,2026-03-18 06:26:48+00:00,larepublica,Crisis en gobierno y nuevo gabinete: Luis Enrique Arroyo Sánchez es designado primer ministro de José María Balcázar,50.0,0.0
28367,2026-03-20 07:52:40+00:00,elcomercio,Vladimiro Montesinos: Este viernes PJ dicta sentencia por el Caso ‘Sobres bomba’,50.0,0.0
28447,2026-03-19 18:26:16+00:00,elcomercio,Arroyo sobre denuncia contra ministro Alfaro: “Él tiene las pruebas de ello”,50.0,0.0
25912,2026-03-16 02:46:11+00:00,larepublica,"Vladimiro Montesinos: Poder Judicial hará lectura de sentencia el viernes 20 de marzo por caso ""Sobres Bomba""",50.0,0.0
14968,2026-03-09 14:01:11.990000+00:00,elcomercio,José María Balcázar: “Por primera vez estoy seguro que vamos a hacer lo posible” para que “los perdedores respeten al ganador”,48.0,0.0
28949,2026-03-19 20:53:08+00:00,canaln,"Elecciones: claves para diferenciar voto válido, nulo y blanco",48.0,0.0
23961,2026-03-13 09:22:36+00:00,correo,Tacna: Policías rescatan a mujer herida de quebrada en zona turística,45.0,0.0
27434,2026-03-17 23:11:37+00:00,canaln,Yonhy Lescano prioriza combatir corrupción para desarrollo del Perú,45.0,0.0
23850,2026-03-12 21:54:21+00:00,gestion,Un riesgo silencioso en las empresas familiares: una sucesión inadecuadamente planificada,45.0,0.0
27418,2026-03-17 16:51:59+00:00,caretas,Somos Perú respaldaría gabinete de Miralles en confianza,45.0,0.0
23821,2026-03-13 03:11:53+00:00,gestion,Congreso rechaza inhabilitar a Delia Espinoza para ejercer cargos públicos,45.0,0.0
28930,2026-03-20 06:13:34+00:00,canaln,JNJ confirma no ratificación de Pablo Sánchez como fiscal,45.0,0.0
23252,2026-03-12 04:24:51+00:00,elcomercio,Ollanta Humala: PJ evaluó pedido para suspender ejecución provisional de sentencia por lavado de activos,45.0,0.0
26403,2026-03-17 05:47:38+00:00,larepublica,Delia Espinoza exige al TC resolver el caso de su destitución: “Así como aceleraron el proceso de Cerrón”,45.0,0.0
28894,2026-03-20 03:38:06+00:00,caretas,Caso EsSalud: exfuncionario niega parentesco con Brunella Horna,45.0,50.0
15612,2026-03-06 14:38:14.777000+00:00,correo,Ilich López alerta que GLP podría llegar a S/100 y afectar a 8 millones de hogares,45.0,0.0
15599,2026-03-09 18:39:42.594000+00:00,correo,Premier Miralles solicita respaldo del Congreso en medio de emergencia nacional: “Estamos afrontando dos crisis”,45.0,0.0
28833,2026-03-20 07:04:48+00:00,rpp,"Said Palao llora y suplica el perdón de Alejandra Baigorria: ""Estoy totalmente arrepentido""",45.0,0.0
15577,2026-03-02 15:55:50.764000+00:00,gestion,Denuncias por hostigamiento sexual laboral crecieron 51% el último año,45.0,0.0
27453,2026-03-18 05:07:37+00:00,elbuho,Arequipa: Autoridad del Agua recomienda desalojo de construcciones ilegales cercanas a torrentera Chullo,45.0,0.0
28722,2026-03-19 21:55:24+00:00,larepublica,"Directora del Centro de Investigación UP analiza inseguridad alimentaria: ""Necesitamos formar capacidades y eso se puede hacer""",45.0,0.0
15667,2026-03-01 20:52:12.396000+00:00,correo,Embajador de Perú en Israel asegura que no hay connacionales muertos o heridos en dicho país,45.0,0.0
15663,2026-03-02 03:31:13.813000+00:00,correo,Balcázar impulsó ley que benefició a su hijo y lo ayudó a obtener cargo como profesor en una universidad pública,45.0,0.0
14962,2026-03-09 14:11:09.073000+00:00,elcomercio,Betssy Chávez: PJ evalúa este 13 de marzo demanda para que se le otorgue salvoconducto,45.0,0.0
24640,2026-03-13 23:09:54+00:00,elcomercio,INSN San Borja atendió a 200 niños en campaña oftalmológica “De vuelta a clases seguro”,45.0,0.0
27812,2026-03-18 18:04:37+00:00,rpp,SMP: adulta mayor con artrosis en la rodilla y bastón realiza larga fila para conseguir cita en el Hospital Cayetano Heredia,45.0,15.0
26702,2026-03-17 00:27:24+00:00,elbuho,Gobernador de Arequipa defiende retorno de Iván Prado a Minas: «Necesitamos un profesional que tenga conocimiento»,45.0,0.0
24371,2026-03-13 08:01:42+00:00,elbuho,"No alcanzaron los votos para inhabilitar a Delia Espinoza, pero Jorge Montoya presenta reconsideración | Al Vuelo",45.0,0.0
27658,2026-03-18 19:57:19+00:00,correo,La Libertad: Más de S/ 3 millones recibirán 16 ganadores del Procompite 2025,45.0,0.0
27890,2026-03-18 18:44:31+00:00,diariouno,Urge reforzar la seguridad víal,45.0,0.0
15556,2026-03-03 23:32:32.090000+00:00,gestion,Fiscalía realiza diligencias urgentes tras fuga de gas y deflagración en Cusco,45.0,0.0
15528,2026-03-05 21:50:09.552000+00:00,gestion,"Arequipa: volcán Sabancaya registra nueva explosión, la cuarta en poco más de 24 horas",45.0,0.0
15525,2026-03-06 02:17:48.187000+00:00,gestion,Sector agropecuario crece 4% en enero impulsado por mayor producción agrícola,45.0,0.0
14926,2026-03-09 10:27:09+00:00,rpp,Cusco: Una mujer murió y 39 personas resultaron heridas tras despiste y volcadura de bus en Chumbivilcas,45.0,15.0
14754,2026-03-09 06:25:51+00:00,larepublica,Sólo 5 de los 36 candidatos presidenciales planean culminar el megaproyecto Gasoducto Sur Peruano,45.0,0.0
27969,2026-03-18 23:04:30+00:00,larepublica,"Roberto Sánchez propone nueva Constitución, apoyo militar en seguridad y cadena perpetua para corruptos",45.0,0.0
24915,2026-03-14 01:23:06+00:00,correo,Detienen a hombre por presunto hurto de dinero y herramientas en Chala,45.0,0.0
24831,2026-03-13 07:52:00+00:00,elbuho,Suspenden otros 10 meses a José Domingo Pérez por orden de la ANC (VIDEO),45.0,0.0
14675,2026-03-08 16:10:32+00:00,elcomercio,El sobrino de Urresti: La historia de un condenado que busca postular a la Alcaldía de San Martín de Porres,45.0,0.0
28194,2026-03-19 03:03:06+00:00,correo,SJM: Sicarios atacan a balazos a padre de familia en presencia de su hija,45.0,0.0
28461,2026-03-19 20:26:09+00:00,elcomercio,Luis Arroyo ante anuncio de paro de transportistas: “Van a sentir el apoyo inmediato del Gobierno”,45.0,55.0
28444,2026-03-19 22:55:00+00:00,elcomercio,Comisión de Energía y Minas aprueba cambios en concesiones mineras: los riesgos para la inversión y la estabilidad jurídica,45.0,0.0
14205,2026-03-02 21:29:11+00:00,elcomercio,Precio del petróleo registra su mayor alza en cuatro años en medio de la guerra en Medio Oriente,45.0,0.0
26877,2026-03-17 23:21:28+00:00,elcomercio,Herbert Caller en foro de candidatos: “Las Fuerzas Armadas van a estar al mando de la Policía Nacional del Perú”,45.0,0.0
14628,2026-03-06 01:19:35+00:00,larepublica,Desabastecimiento de gas: Congreso aprueba citar al ministro de Energía y Minas por crisis energética,45.0,65.0
14612,2026-03-06 17:39:23+00:00,larepublica,CAL: Comité Electoral se mantiene en funciones tras fallida sesión extraordinaria y alista segunda vuelta,45.0,0.0
14540,2026-03-06 08:18:42+00:00,elcomercio,Corte IDH declara al Estado peruano responsable por esterilización forzada y muerte de Celia Ramos Durand,45.0,0.0
14465,2026-03-04 23:47:55+00:00,elcomercio,Osinergmin: personal del TGP se encuentra ejecutando acciones para restituir el servicio de transporte por ductos,45.0,35.0
23662,2026-03-13 18:57:36+00:00,elcomercio,Está para cualquiera,45.0,0.0
14429,2026-03-03 23:24:13+00:00,larepublica,"Candidata al Senado impulsa ‘ley del látigo’ contra corruptos: “Si probaran unito de esto los candidatos, no vendrían con mentiras”",45.0,0.0
25232,2026-03-14 07:23:54+00:00,gestion,Extensión de impuestos en Texas 2026: guía rápida para solicitar una prórroga al IRS,45.0,0.0
28955,2026-03-19 17:25:33+00:00,canaln,Flavio Cruz niega presión de Perú Libre en cambios del Ejecutivo,45.0,0.0
14270,2026-03-03 05:21:53+00:00,elcomercio,Congreso: Comisión de Ética suspende sesión en la que debía evaluar casos de Milagros Jáuregui y Kira Alcarraz,45.0,0.0
14261,2026-03-01 23:52:57+00:00,larepublica,Gabinete debe priorizar acciones para enfrentar las lluvias y la inseguridad,45.0,0.0
14246,2026-03-02 22:02:38+00:00,larepublica,"Carla Bustíos Arteaga, exalumna de José María Balcázar obtuvo contrato con el Estado un día después de visitarlo",45.0,0.0
28754,2026-03-19 19:58:38+00:00,larepublica,Municipalidad de Lima declara en reorganización Emape tras aprobar pago de S/4 millones a empresario por obra que no realizó,45.0,0.0
23533,2026-03-13 02:52:26+00:00,larepublica,Del caso de Urresti a amenazas legales desde el Ejecutivo: informe del CPP advierte sobre retrocesos en libertad de prensa,45.0,0.0
23532,2026-03-13 03:00:53+00:00,larepublica,"Delia Espinoza al Congreso por las denuncias constitucionales en su contra: ""No convengo a muchos porque necesitan impunidad”",45.0,0.0
14407,2026-03-04 16:49:00+00:00,larepublica,López Aliaga sí dio positivo en prueba de alcoholemia,45.0,0.0
14344,2026-03-04 16:54:22+00:00,elcomercio,Más preparadas y más exigentes: la nueva generación femenina y las brechas que aún persisten,45.0,0.0
23426,2026-03-12 21:38:00+00:00,elcomercio,Las encuestas comenzaron a hablar,45.0,0.0
27082,2026-03-18 01:30:28+00:00,correo,Camión vuelca y ocasiona derrame de concentrado de cobre en Cusco,45.0,0.0
27001,2026-03-18 03:31:00+00:00,gestion,¿Quieres ser CEO? 4 preguntas que debe hacerse antes de aceptar el puesto,45.0,0.0
23238,2026-03-11 06:19:19+00:00,larepublica,Tomás Gálvez se reunió con José María Balcázar en Palacio de Gobierno: encuentro duró más de una hora,45.0,0.0
23225,2026-03-11 01:05:50+00:00,correo,Emergencia energética podría finalizar el domingo según Denisse Miralles,45.0,0.0
26115,2026-03-17 05:54:56+00:00,elcomercio,Hinchas celebran gol del Once Caldas desde el cable aéreo de Manizales y el video se vuelve viral,45.0,0.0
23417,2026-03-11 10:01:12+00:00,correo,Dólar: Por anuncio de pronto fin de guerra en Irán  hizo perder 600 puntos básicos,45.0,0.0
27176,2026-03-18 02:45:26+00:00,larepublica,Edith Pariona Valer jura en reemplazo de Hary Yzarra como ministra de la Mujer,45.0,0.0
27169,2026-03-18 04:32:10+00:00,larepublica,Luis Arroyo Sánchez: perfil y hoja de vida del nuevo primer ministro de José María Balcázar,45.0,0.0
23098,2026-03-10 17:00:00+00:00,elcomercio,No olvidemos la educación,45.0,0.0
28410,2026-03-20 03:21:09+00:00,elcomercio,"Aprueban dictamen que amenaza la inversión minera formal en el Perú, ¿qué podría pasar con las concesiones?",42.0,65.0
14963,2026-03-09 19:50:17.619000+00:00,elcomercio,Congreso dispone teletrabajo para distintas unidades hasta el 13 de marzo y personal mínimo para labores presenciales,42.0,0.0
14333,2026-03-04 21:08:11+00:00,elcomercio,Congreso: Otorgan plazo de 15 días para investigar denuncia constitucional contra Dina Boluarte por Caso Cirugías,42.0,0.0
23487,2026-03-12 15:30:00+00:00,gestion,Hudbay proyecta inversión de US$ 46 millones para extender vida útil de mina Constancia,42.0,50.0
23836,2026-03-13 00:36:30+00:00,gestion,"El renacer de General Electric y sus ‘herederas’, según The Economist",41.0,0.0
26046,2026-03-15 23:17:38+00:00,rpp,"Minem dice que si TGP vulneró las normas sería ""un acto de negligencia criminal"" que podría ""costarles la licencia""",41.0,55.0
24092,2026-03-12 09:11:00+00:00,larepublica,Pasajes de transporte público aumentan hasta en S/1 debido al incremento del precio de los combustibles,41.0,45.0
27346,2026-03-18 02:30:06+00:00,rpp,Rodolfo Acuña es el nuevo ministro de Economía del Gabinete Arroyo: ¿cuál es su perfil?,41.0,0.0
27353,2026-03-18 02:06:58+00:00,rpp,General PNP (r) José Mercedes Zapata es el nuevo ministro del Interior [Perfil],41.0,0.0
14753,2026-03-09 06:56:00+00:00,larepublica,"Héctor Valer reveló que el informe final sobre licitaciones chinas involucra a Vizcarra , Merino, Castillo y Sagasti",41.0,0.0
27069,2026-03-18 03:02:52+00:00,correo,"Junín: Tras horas de espera, gobernador recibe a pobladores y anuncia construcción de colegio en Concepción",41.0,15.0
25197,2026-03-14 17:57:05+00:00,elcomercio,SPH: Se restablece suministro de gas natural y gremio pide reforzar infraestructura energética,41.0,55.0
26271,2026-03-17 04:17:18+00:00,gestion,¿Bono de gas natural? Cálidda alerta sobre estafas en WhatsApp,41.0,25.0
26193,2026-03-16 08:36:45+00:00,elcomercio,EsSalud: revelan nexos entre consorcio que ganó contrato en Chiclayo y entorno de Brunella Horna,41.0,0.0
26190,2026-03-16 20:28:39+00:00,elcomercio,"PerúCheck: Candidata a la Cámara de Diputados, Ángela Ccanto, afirmó que en Perú hay “cerca de 2 millones de venezolanos”, pero no son tantos",41.0,0.0
26187,2026-03-16 23:28:40+00:00,elcomercio,Restos del candidato presidencial Napoleón Becerra llegan a Lima para ser velados,41.0,0.0
24354,2026-03-12 22:38:12+00:00,canaln,Centro Histórico espera más de 100 mil visitantes por Semana Santa,41.0,0.0
24352,2026-03-12 23:56:19+00:00,canaln,Ministerio de Energía y Minas afirma que hay combustible para dos semanas y atribuye alza a especulación,41.0,0.0
24357,2026-03-12 20:55:00+00:00,canaln,ASPAN: Panaderías reportan pérdidas por interrupción de suministro de gas,41.0,0.0
24356,2026-03-12 21:15:31+00:00,canaln,Miralles: Ministro de Salud seguirá en el cargo mientras no haya sentencia,41.0,0.0
24351,2026-03-13 04:32:30+00:00,canaln,Keiko Fujimori dice que TC decidirá técnicamente sobre Cerrón,41.0,0.0
24347,2026-03-13 16:56:32+00:00,canaln,Senamhi: Niño Costero eleva temperatura del mar y provoca lluvias intensas en Tumbes y Piura,41.0,0.0
14474,2026-03-05 21:54:29+00:00,gestion,Industriales en jaque por falta de gas: “reemplazos” del combustible elevarían costos,41.0,65.0
25004,2026-03-14 02:25:08+00:00,rpp,Sin Jairo Concha: Universitario y su posible oncena para el partido contra UTC en el Monumental,41.0,0.0
24925,2026-03-14 00:04:43+00:00,correo,"Más de 970 industrias y 42,000 comercios reinician operaciones con gas natural",41.0,0.0
23494,2026-03-12 05:45:00+00:00,gestion,Denisse Miralles: privatización de Petroperú “nunca fue una solución”,41.0,0.0
28104,2026-03-19 00:03:07+00:00,peru21,La izquierda en campaña hace proselitismo desde la comisión de Energía y Minas,40.0,0.0
28061,2026-03-19 00:59:13+00:00,gestion,Congreso: Subcomisión aprueba informe sobre denuncia contra Dina Boluarte,40.0,0.0
29009,2026-03-20 08:53:05+00:00,larepublica,"Tensión entre Ecuador y Colombia: La intervención de Trump refuerza la ""influencia de EE. UU. en América Latina”, según analista",40.0,0.0
28451,2026-03-19 09:16:34+00:00,elcomercio,Mujer denuncia a ministro Ángelo Alfaro por presunta violación sexual cuando ella era menor de edad,40.0,0.0
27142,2026-03-17 17:00:00+00:00,correo,Foro electoral: Son 26 candidatos presidenciales que expondrán hoy sus propuestas,40.0,0.0
28896,2026-03-20 02:36:24+00:00,caretas,Sedapal: Augusto Eguiguren vuelve a la presidencia del directorio,40.0,15.0
28893,2026-03-20 03:57:01+00:00,caretas,Titulares del MINEDU y MEF citados a la Comisión de Educación por inicio del año escolar,40.0,0.0
15561,2026-03-03 22:10:09.313000+00:00,gestion,Congreso debatirá el jueves citar al ministro Ángelo Alfaro ante escasez de GNV,40.0,55.0
28407,2026-03-20 05:32:33+00:00,elcomercio,Jefe del Comando Sur de Estados Unidos niega estar en preparativos para la toma de Cuba,40.0,15.0
26396,2026-03-16 06:42:14+00:00,correo,Mario Vizcarra arremete contra Dina Boluarte durante gira en Cusco: “La voy a enjuiciar”,40.0,0.0
27148,2026-03-17 14:05:14+00:00,correo,Colegio de Economistas puede presentar ante el TC demanda de inconstitucionalidad contra el Congreso,40.0,0.0
14635,2026-03-06 21:04:23+00:00,larepublica,Midis adelanta pago a beneficiarios de Pensión 65 para este 9 de marzo por emergencia climatológica en Perú,40.0,75.0
27760,2026-03-18 08:48:11+00:00,andina,Policía Nacional se pronuncia sobre video que involucra a miembros de la PNP,40.0,0.0
14627,2026-03-06 02:39:54+00:00,larepublica,SAC aún no elige a delegado que liderará investigación contra Dina Boluarte por caso Cirugías,40.0,0.0
24373,2026-03-13 03:33:53+00:00,elbuho,Delia Espinoza: «Me defenestraron porque algunos necesitan impunidad» dice exfiscal al Pleno del Congreso,40.0,0.0
28689,2026-03-19 08:24:09+00:00,correo,Congreso: SAC admite denuncia contra Dina Boluarte y Juan Santiváñez por caso ‘El Cofre’,40.0,0.0
25097,2026-03-14 08:07:42+00:00,larepublica,"Jorge Nieto sobre Dina Boluarte: ""Pretenden vincularme con ella, yo que le dije despida a sus ministros""",40.0,0.0
25057,2026-03-14 04:23:49+00:00,canaln,Wolfgang Grozo afirma que Dina Boluarte le pidió asumir la DINI,40.0,25.0
27868,2026-03-18 21:42:38+00:00,elbuho,George Forsyth en Huancayo: «Dina Boluarte tiene que ir presa y me voy a tirar abajo la bicameralidad»,40.0,0.0
14424,2026-03-04 03:09:48+00:00,larepublica,Juliana Oxenford critica al presidente Balcázar: “También tiene sus visitadoras o las tenía por lo menos”,40.0,15.0
15555,2026-03-04 03:34:14.314000+00:00,gestion,Comisión Permanente verá este miércoles denuncias contra Dina Boluarte y plazo de investigación,40.0,0.0
25913,2026-03-16 02:41:03+00:00,larepublica,"Jorge Nieto sobre candidatura de Jimena Guevara, vinculada a Dina Boluarte: ""Le pedí que diera un paso al costado""",40.0,0.0
26641,2026-03-16 16:54:40+00:00,caretas,Muerte de Napoleón Becerra dejaría fuera de carrera a fórmula presidencial del PTE,40.0,0.0
14415,2026-03-04 05:33:52+00:00,larepublica,Delia Espinoza: Congreso alista nueva inhabilitación contra exfiscal de la Nación,40.0,0.0
28931,2026-03-20 05:09:46+00:00,canaln,Trump advirtió que puede destruir yacimiento de gas de Irán,40.0,0.0
26604,2026-03-17 03:57:00+00:00,peru21,"Candidato a Diputado Harvey Colchado: ""Me pasaron a retiro por no venderme ante Dina Boluarte""",40.0,25.0
27551,2026-03-18 17:43:29+00:00,elcomercio,San Juan de Miraflores: ataque a combi de ‘Los Rojitos’ deja tres muertos,40.0,15.0
14179,2026-03-01 04:51:33+00:00,larepublica,Hermana de médico asesinado en las protestas contra Dina Boluarte postulará a la Cámara de Diputados,40.0,0.0
15613,2026-03-06 14:23:26.703000+00:00,correo,"Gobierno destina S/224,8 millones adicionales para reforzar la organización de las elecciones de 2026",40.0,65.0
14944,2026-03-09 16:10:00+00:00,elcomercio,El círculo de confianza de César Acuña tiene a un exministro de Dina Boluarte: ¿a quién escucha más el candidato presidencial de APP?,40.0,15.0
28080,2026-03-19 01:00:04+00:00,andina,Rospigliosi pide al Ejecutivo destinar recursos del Estado a lucha contra la criminalidad,40.0,0.0
27979,2026-03-18 23:00:00+00:00,andina,Congreso: Subcomisión aprueba informe sobre denuncia contra Dina Boluarte,40.0,0.0
27895,2026-03-18 09:06:50+00:00,diariouno,Dictan siete días de detención preliminar contra otro acusado por muerte de ex trabajadora del Congreso,40.0,0.0
23540,2026-03-12 23:37:25+00:00,larepublica,"Rafael López Aliaga y José Luna Gálvez habrían omitido información sobre experiencia laboral, alerta el JEE",40.0,0.0
26405,2026-03-17 04:50:19+00:00,larepublica,Gobierno de José Antonio Kast inicia la construcción del escudo fronterizo Perú - Chile en frontera con Tacna,38.0,0.0
14763,2026-03-09 01:00:46+00:00,larepublica,Guerra entre Estados Unidos e Iran: Perú evacúa a 26 ciudadanos tras escalada bélica en Medio Oriente,38.0,0.0
28402,2026-03-19 23:30:45+00:00,elcomercio,Indecopi sanciona al BCP por incumplir beneficio ofrecido a consumidor en tarjeta de crédito,38.0,60.0
14324,2026-03-02 22:57:06+00:00,larepublica,RMP sobre permanencia de Balcázar: “No creo que en el Congreso encuentren uno mejor... Este los representa plenamente”,38.0,0.0
14172,2026-03-01 22:29:37+00:00,larepublica,"Gobierno de José María Balcázar insiste con declaratoria de emergencia, pese a no dar resultados en gestiones pasadas",35.0,0.0
28927,2026-03-20 07:27:03+00:00,canaln,Contraloría detecta perjuicio de S/2.3 millones en gestión Acuña,35.0,0.0
28857,2026-03-20 03:43:25+00:00,rpp,"'Boda sangrienta 2': Shawn Hatosy y el reto de actuar entre comedia, terror y sangre falsa",35.0,15.0
28794,2026-03-20 00:43:09+00:00,andina,Minem alerta que dictamen sobre concesiones mineras afectaría inversión y exploración,35.0,55.0
28774,2026-03-20 07:13:37+00:00,andina,Congreso: pleno aprueba autógrafa que garantiza pensión digna a maestros jubilados,35.0,0.0
28692,2026-03-19 17:00:00+00:00,correo,Comisión de Energía y Minas del Congreso aprueba medidas que ahuyentarán la inversión minera,35.0,70.0
25160,2026-03-14 20:56:07+00:00,elcomercio,Casos de violencia escolar aumentaron en colegios privados y se redujeron en públicos: aulas del país promedian 50 reportes diarios,35.0,0.0
24650,2026-03-13 23:19:42+00:00,larepublica,Presidente Balcázar no respondió al ser consultado sobre quién asume la responsabilidad por el asesinato de un chofer de bus,35.0,0.0
24504,2026-03-13 22:12:06+00:00,elcomercio,Presidente Balcázar anuncia que este sábado 14 se tendrá restablecido el suministro de gas para todos los sectores,35.0,35.0
24370,2026-03-13 18:23:44+00:00,elbuho,Congreso aprueba otorgar gratificaciones y CTS a trabajadores CAS pero no tiene fuente de financiamiento,35.0,0.0
25018,2026-03-14 03:43:16+00:00,peru21,Cae la 'Reina del narcotráfico' en el VRAEM: PNP le encontró 65 kilos de cocaína,35.0,15.0
26075,2026-03-15 19:11:23+00:00,caretas,"Muere Napoleón Becerra, candidato presidencial del PTE-Perú",35.0,15.0
26053,2026-03-16 04:40:44+00:00,peru21,Suheyn Cipriani y Macarius terminaron su relación POR SEGUNDA VEZ: ¿Qué pasó?,35.0,0.0
25719,2026-03-15 16:13:10+00:00,elcomercio,"Tribuna electoral: Las propuestas de Dongo, Gutiérrez, Yalta y Alayza para la Cámara de Diputados",35.0,0.0
25665,2026-03-15 00:31:21+00:00,elbuho,Transportistas elevan tarifas y advierten paro total por crisis de combustibles en Chiclayo (VIDEO),35.0,45.0
25533,2026-03-14 22:29:42+00:00,correo,Viceministro de Transportes anuncia puente modular en Cátac para restablecer tránsito en carretera Pativilca-Huaraz,35.0,0.0
25512,2026-03-15 01:43:16+00:00,correo,Preocupación por presuntas irregularidades en proyecto siderúrgico en Chilca,35.0,0.0
25423,2026-03-14 19:02:06+00:00,elbuho,¿Por qué dicen que César Acuña estaría financiando a todos los partidos políticos y sus candidatos?,35.0,0.0
25393,2026-03-14 17:05:00+00:00,peru21,Advierten que Rafael López Aliaga es un peligro y refleja inestabilidad,35.0,0.0
25296,2026-03-14 20:10:33+00:00,larepublica,Gobierno aprueba transferencia de S/25 millones para bono extraordinario a docentes,35.0,0.0
24318,2026-03-12 20:37:43+00:00,caretas,Villaverde advierte que revelará pruebas sobre reunión con Wolfgang Grozo,35.0,0.0
24247,2026-03-13 15:45:16+00:00,rpp,Delincuente disparó múltiples veces contra una casa del Callao [VIDEO],35.0,55.0
24110,2026-03-13 20:32:34+00:00,larepublica,Argentina rompe un récord histórico en la producción de petróleo en medio de crisis energética por la guerra entre EE.UU. e Irán,35.0,55.0
24108,2026-03-13 20:37:15+00:00,larepublica,China construye un megapuente de 1.800 km a través de una de las zonas más extremas del planeta,35.0,15.0
24056,2026-03-13 19:08:00+00:00,larepublica,¿Nuevo paro de transportistas en Lima y Callao? Lo que dicen los gremios tras ataque a buses,35.0,55.0
24035,2026-03-13 16:50:00+00:00,larepublica,Cantante ratifica que candidato fujimorista la acosó sexualmente,35.0,15.0
23980,2026-03-13 01:46:09+00:00,correo,Huancavelica: Caída de camioneta a abismo deja un muerto y ocho heridos,35.0,0.0
23966,2026-03-13 05:53:21+00:00,correo,Universitarios crean sistema para entender lengua de señas usado por personas sordas,35.0,0.0
23960,2026-03-13 16:00:01+00:00,correo,El lado “B” del TC: Sus seis fallos polémicos,35.0,0.0
29048,2026-03-20 09:53:43+00:00,rpp,Caso de Angelo Alfaro: especialistas analizaron grave denuncia contra el ministro de Energía y Minas por presunta violencia sexual,35.0,50.0
26395,2026-03-16 07:13:00+00:00,correo,Elecciones 2026: JNE fija reglas para la aplicación de la valla electoral,35.0,0.0
26334,2026-03-16 22:12:06+00:00,correo,María Teresa Grillo presenta la novela “Los años en que andábamos dispersos” en Miraflores,35.0,0.0
26307,2026-03-16 21:38:27+00:00,correo,Chile inicia excavación de zanjas y cerco en la frontera con Perú,35.0,25.0
25753,2026-03-15 20:02:37+00:00,elcomercio,Elecciones 2026: fallece candidato presidencial del PTE Napoleón Becerra en accidente,35.0,0.0
26757,2026-03-16 22:19:44+00:00,gestion,Denisse Miralles: “El Perú no necesita más inestabilidad”,35.0,0.0
26743,2026-03-17 05:15:00+00:00,gestion,Ministros minimizan reunión de Balcázar fuera de Palacio: “No fue  clandestina”,35.0,0.0
26706,2026-03-16 23:02:44+00:00,elbuho,Buen inicio de clases escolares en Piura con deficiencias y carencias,35.0,15.0
26700,2026-03-17 03:16:13+00:00,elbuho,La Libertad: deslizamiento cobra la vida de 5 personas y enluta a toda una comunidad (VIDEO),35.0,15.0
26640,2026-03-16 17:08:35+00:00,caretas,Walter Becerra: “Mi hermano decía que querían asesinarlo”,35.0,0.0
26605,2026-03-17 03:43:28+00:00,peru21,Ataque con drones contra embajada de EE. UU. provoca incendio en un hotel de Bagdad,35.0,0.0
26504,2026-03-17 02:15:31+00:00,andina,La minería a pequeña escala se expande impulsada por los precios del oro y cobre,35.0,10.0
26430,2026-03-17 04:57:21+00:00,larepublica,Restricciones en Machu Picchu impulsan al sector turístico a promover nuevos destinos: Conoce cuáles son,35.0,0.0
24068,2026-03-13 04:30:37+00:00,larepublica,Juliaca: paro de transportistas bloquea vías hacia Puno y Azángaro por alza del combustible,35.0,55.0
24057,2026-03-13 18:52:06+00:00,larepublica,Pasajera de combi fallece tras atentado en el Callao: sicarios abrieron fuego en plena ruta,35.0,15.0
26975,2026-03-18 06:44:00+00:00,gestion,"Shock petrolero golpeará más el combustible para aviones y diésel, advierte Goldman Sachs",35.0,0.0
26936,2026-03-17 19:57:05+00:00,elcomercio,Gobierno de Milei formaliza la salida de Argentina de la Organización Mundial de la Salud,35.0,10.0
26895,2026-03-18 04:10:56+00:00,elcomercio,"MSD Animal Health, dueña de Bravecto: “Vemos una tendencia creciente hacia la prevención y el cuidado integral de las mascotas”",35.0,0.0
23706,2026-03-12 05:30:53+00:00,elcomercio,Limagas invoca a distribuidores a mantener precios responsables del balón de gas,35.0,45.0
23683,2026-03-12 18:59:49+00:00,elcomercio,Áncash: Puente Sahuay colapsa por intensas lluvias y deja un fallecido y varios heridos,35.0,15.0
23682,2026-03-12 20:04:33+00:00,elcomercio,"Arequipa paralizada: paro de transporte, pasajes triplicados y clases virtuales por crisis de GNV",35.0,80.0
23669,2026-03-13 18:56:59+00:00,elcomercio,ComexPerú: “Insistencia en pensiones para personal militar y policial es un ataque a la caja fiscal”,35.0,0.0
23544,2026-03-12 22:52:41+00:00,larepublica,"César Acuña: denuncian que familiares de líder de APP laboraron en el Congreso y EsSalud con sueldos de hasta 19,277 soles",35.0,0.0
26866,2026-03-17 23:10:41+00:00,elcomercio,José Williams en foro de candidatos propone “transformar la Policía y crear dos nuevos cuerpos para combatir la delincuencia”,35.0,0.0
26855,2026-03-18 02:24:18+00:00,elcomercio,Luis Arroyo Sánchez jura como primer ministro: ¿Quiénes integran el nuevo Gabinete?,35.0,30.0
26790,2026-03-17 06:01:32+00:00,diariouno,Ignacio Buse es finalista de la qualy del Masters 1000 de Miami al vencer al tunecino Echargui,35.0,0.0
23534,2026-03-13 02:46:00+00:00,larepublica,PJ condena a 20 años de prisión a tres terroristas del círculo de confianza del camarada José,35.0,0.0
15604,2026-03-08 21:54:57.861000+00:00,correo,JNJ aclara que información sobre carpetas fiscales es controlada exclusivamente por el Ministerio Público,35.0,0.0
27875,2026-03-18 21:30:27+00:00,elbuho,De terror: cuatro de cada diez mujeres sufren acoso en el transporte público de Trujillo,35.0,15.0
27874,2026-03-18 21:31:42+00:00,elbuho,"Puno: Evalúan paro regional ante alza del combustible, servicios y productos",35.0,80.0
22968,2026-03-09 21:18:05+00:00,larepublica,Gobierno oficializa subsidio de S/120 para taxis con GNV ante emergencia energética,35.0,80.0
15550,2026-03-04 20:58:26.543000+00:00,gestion,Fiscalía inició investigación preliminar a TGP ante fuga de gas en Cusco,35.0,0.0
15531,2026-03-05 20:57:05.344000+00:00,gestion,"Osinergmin descarta desabastecimiento de GLP, gasoholes y diésel",35.0,65.0
22951,2026-03-10 03:23:53+00:00,gestion,76 puentes en estado crítico: Ositrán pide evitar paso de carga que supere límites de peso,35.0,0.0
15609,2026-03-06 18:54:17.462000+00:00,correo,José Reyes sobre crisis de gas vehicular: “Somos un gabinete presente que está con la población”,35.0,45.0
15521,2026-03-06 13:30:00+00:00,gestion,Lluvias en Perú han causado el fallecimiento de 54 personas en lo que va del año,35.0,0.0
14662,2026-03-07 05:52:59+00:00,larepublica,Congreso autoriza ingreso de buque científico de la Armada de Colombia al Perú,35.0,0.0
14648,2026-03-07 02:20:18+00:00,elcomercio,"BCR: Expectativas de la economía a 3 meses caen en febrero, al límite del tramo optimista",35.0,0.0
14768,2026-03-08 21:18:01+00:00,larepublica,Delia Espinoza en las Elecciones CAL 2026: rechazan tacha en su contra y sigue como candidata al decanato,35.0,0.0
23127,2026-03-10 22:58:46+00:00,larepublica,"RMP sobre Wolfgang Grozo: “Representa el mismo discurso que Rafael López Aliaga, sin el balbuceo ni la misoginia”",35.0,0.0
28094,2026-03-19 00:45:26+00:00,rpp,Familia exige justicia por joven conductor de ‘Los Rojitos’ asesinado en San Juan de Miraflores,35.0,0.0
23551,2026-03-13 04:18:40+00:00,larepublica,BCRP recupera autonomía: Congreso rectifica ley que obligaba a rediseñar monedas y billetes,35.0,0.0
14759,2026-03-09 02:23:58+00:00,larepublica,"Ronald Atencio habría consignado información falsa sobre una de sus empresas, señala fiscalización del JEE",35.0,0.0
28537,2026-03-19 23:23:58+00:00,gestion,Rio Silver avanza con María Norte: permisos clave y estudios en proyecto de plata en Perú,35.0,45.0
27867,2026-03-18 17:24:23+00:00,canaln,Presidente de CONFIEP: Hay un grupo de congresistas que no están velando por los intereses del país,35.0,55.0
28459,2026-03-19 23:20:52+00:00,elcomercio,El Comercio finalista a premios internacionales de periodismo por investigación de papeletas y Nuwa Senchi,35.0,0.0
15608,2026-03-06 19:34:34.408000+00:00,correo,Denisse Miralles asegura que todo el Gabinete atiende desabastecimiento de GNV,35.0,60.0
28450,2026-03-19 10:33:41+00:00,elcomercio,EsSalud: revelan órdenes de servicio por más de S/ 1 millón a empresa de allegada a familia Horna,35.0,0.0
14940,2026-03-09 09:04:00+00:00,correo,Keiko Fujimori advierte que podría negar la confianza al gabinete Miralles: “La decisión la tomará la bancada”,35.0,0.0
27146,2026-03-17 07:20:37+00:00,correo,JEE acusa a Susel Paredes de incumplir neutralidad por promover partido Ahora Nación desde su cuenta oficial,35.0,0.0
14750,2026-03-07 19:18:00+00:00,gestion,Gremios empresariales cuestionan medidas del Ejecutivo frente a crisis energética,35.0,20.0
28442,2026-03-19 23:57:00+00:00,elcomercio,María Cecilia Villegas: “Detrás de los números hay una verdad; los números no te mienten”,35.0,0.0
28423,2026-03-20 04:59:15+00:00,elcomercio,SNMPE: “Lo único que va a fomentar este dictamen es invasiones de mineros informales en concesiones de terceros”,35.0,60.0
23102,2026-03-11 03:24:07+00:00,elcomercio,Simposio XVI: Thibaut Larrat analizará cómo promover el talento en minería,35.0,35.0
14888,2026-03-09 07:10:10+00:00,correo,Premier Miralles defiende clases virtuales por crisis del GNV: “Necesitamos reducir el consumo de combustible”,35.0,80.0
29029,2026-03-20 09:04:52+00:00,diariouno,El elenco de “Valentina Valiente” llega a MegaPlaza Independencia para encontrarse con sus fans,35.0,25.0
28392,2026-03-20 06:04:06+00:00,elcomercio,Primera ministra de Japón detalla a Trump límites legales para darle apoyo militar en estrecho de Ormuz,35.0,55.0
27419,2026-03-17 16:42:10+00:00,caretas,Ataque a combi en el Callao deja un muerto y desata alarma,35.0,0.0
28241,2026-03-19 04:51:47+00:00,andina,Pensión 65: usuarios accederán a operaciones y otros servicios para mejor calidad de vida,35.0,15.0
28613,2026-03-20 02:43:54+00:00,correo,Chilca Alta arde protesta alza de pasajes en Huancayo: vecinos queman llantas y bloquean acceso,35.0,15.0
28608,2026-03-20 03:03:40+00:00,correo,Tren Lima–La Oroya se descarrila por caída de rocas en la vía férrea,35.0,45.0
14774,2026-03-07 22:48:46+00:00,larepublica,Gobierno de Balcázar designa a Alonso Tenorio como nuevo secretario general de Palacio tras renuncia de José Luis Torrico,35.0,0.0
27893,2026-03-18 16:14:00+00:00,diariouno,Scarlet sigue en ascenso y ahora la rompe en el norte con el tema “Porque te vas” con cubano Norlam(VIDEO),35.0,0.0
28218,2026-03-19 05:00:52+00:00,larepublica,Transportistas en Puno anuncian paro de 48 horas por alza de combustible: exigen la intervención de Osinergmin,35.0,55.0
14626,2026-03-06 02:43:24+00:00,larepublica,Candidata a diputada Jessica Huamán propone lucha contra la anemia y fiscalización a los programas del Midis,35.0,35.0
27168,2026-03-18 04:41:51+00:00,larepublica,"Presidenta del TC sobre rapidez con que se admitió hábeas corpus de Cerrón: ""Hubo algo irregular""",35.0,0.0
27185,2026-03-17 21:20:22+00:00,larepublica,Jorge Nieto cuestiona gestión durante la pandemia y sugiere “ajustar el sistema de salud” para enfrentar futuras crisis,35.0,0.0
27758,2026-03-18 17:09:06+00:00,andina,Beca 18: Universidad Wiener ofrece 388 becas parciales a no preseleccionados,35.0,0.0
14608,2026-03-06 21:49:25+00:00,larepublica,"Ministro de Energía y Minas: ""No tenemos gaseoducto alternativo (..) Chile, que no es productor, tiene 5 ductos""",35.0,0.0
14600,2026-03-05 22:48:00+00:00,gestion,Microsoft en minería: la apuesta de Codelco para integrar la IA a sus activos,35.0,0.0
14593,2026-03-06 04:51:43+00:00,gestion,"Petroperú: el enfoque para reuniones con inversionistas, ¿se prepara cambio de directorio?",35.0,0.0
14586,2026-03-06 15:34:00+00:00,gestion,Perú ante la crisis del gas: las medidas de contingencia que proponen especialistas,35.0,0.0
27741,2026-03-18 21:24:03+00:00,andina,MEF fortalecerá programación de inversión pública priorizando lugares con brechas sociales,35.0,0.0
28592,2026-03-20 06:13:21+00:00,correo,Presidente de EsSalud afirma que no interferirá en investigación por contratos en Lambayeque,35.0,0.0
28542,2026-03-19 20:01:55+00:00,gestion,Jengibre peruano: JCH con alta exposición a EE.UU. mientras China presiona precios,35.0,45.0
14717,2026-03-09 03:59:16+00:00,gestion,Municipalidad de Lima acatará parcialmente medidas del Gobierno por crisis energética,35.0,0.0
14532,2026-03-06 22:26:32+00:00,elcomercio,El ABC de la valla electoral: Los escenarios en los que los partidos pueden perder su inscripción,35.0,0.0
23296,2026-03-12 04:33:10+00:00,larepublica,Misión de observadores de la OEA se reúne con jefes de ONPE y JNE para evaluar desarrollo de las elecciones 2026,35.0,0.0
14510,2026-03-05 18:15:45+00:00,larepublica,¿Dónde voy a votar en las Elecciones 2026? Entérate cuál es tu local de votación vía link de ONPE,35.0,0.0
14497,2026-03-04 22:00:05+00:00,gestion,"Alicorp busca comprar filiales de Flora Food, dueña de La Danesa, en siete países de Latam",35.0,10.0
15056,2026-03-09 21:48:16.207000+00:00,elcomercio,"Dólar cierra en S/3,4905 para este lunes 9 de marzo",35.0,0.0
23071,2026-03-10 03:30:26+00:00,rpp,"Hogares, transporte pesado y algunas industrias: el nuevo orden de prioridad del gas natural",35.0,40.0
14460,2026-03-05 04:09:14+00:00,elcomercio,Pluspetrol interrumpe su producción de GLP ante corte en transporte de líquidos de gas natural,35.0,50.0
14443,2026-03-05 18:58:33+00:00,elcomercio,En el 2025 se registró el mayor número de ataques a periodistas en los últimos 30 años,35.0,0.0
27700,2026-03-18 16:00:01+00:00,correo,Petroperú recibirá otro salvavidas del Gobierno de más de S/ 500 millones,35.0,80.0
14703,2026-03-08 04:59:56+00:00,elcomercio,Denisse Miralles supervisa reparación de ducto en Megantoni y afirma que prioridad es restablecer el gas,35.0,50.0
14688,2026-03-08 10:30:00+00:00,elcomercio,¿Los antis ya fueron?,35.0,25.0
28661,2026-03-19 20:14:00+00:00,correo,En movida sesión regidores aprueban uso de utilidades de Caja Huancayo,35.0,0.0
28656,2026-03-19 20:55:35+00:00,correo,Arequipa: Municipalidad Provincial de Caylloma sin regidora desde octubre del 2024,35.0,15.0
23363,2026-03-11 14:00:45+00:00,rpp,SENAMHI: Pronóstico del clima hoy miércoles 11 de marzo 2026,35.0,0.0
28627,2026-03-20 01:16:38+00:00,correo,Titanes de la Tunantada: Gustavo Ratto y Marco Antonio Moreno llegan a Barranco,35.0,0.0
24829,2026-03-14 00:50:21+00:00,elbuho,Arequipa: Lord Byron enfrentaría sanción por desacatar disposición de clases virtuales,35.0,0.0
24825,2026-03-14 01:08:31+00:00,elbuho,Dos fallecidos y varios desaparecidos tras huaicos en Piura (VIDEO),35.0,0.0
24685,2026-03-13 23:45:04+00:00,andina,Presidente Balcázar: Congreso tendrá que evaluarnos por nuestros actos,35.0,0.0
24682,2026-03-13 23:51:13+00:00,larepublica,Jair Bolsonaro ingresa a UCI por bronconeumonía bacteriana bilateral tras presentar fiebre y escalofríos,35.0,0.0
23214,2026-03-11 02:00:03+00:00,rpp,Falleció Alfredo Bryce Echenique a los 87 años,35.0,0.0
28967,2026-03-20 01:03:44+00:00,elbuho,Irán intensifica ataques a recintos de energía tras bombardeo israelí a yacimiento de gas,35.0,0.0
27469,2026-03-17 21:49:58+00:00,elbuho,"Arequipa: día decisivo para definir si pasaje sube a S/ 1.50, ¿en manos de quienes estará la decisión?",35.0,0.0
23082,2026-03-10 21:40:59+00:00,elcomercio,Miopía política catastrófica,35.0,0.0
27074,2026-03-18 02:21:20+00:00,correo,Edith Pariona asume el Ministerio de la Mujer tras cambio en el gabinete,35.0,0.0
23434,2026-03-13 03:58:08+00:00,elcomercio,"Crisis del gas y El Niño recortan proyección de crecimiento anual: BBVA Research rebaja estimación de 3,1% a 2,9%",35.0,0.0
14685,2026-03-09 00:04:07+00:00,elcomercio,Día de la Mujer: Janet Tello afirma que “nada ni nadie” quitará los derechos conquistados por las mujeres,35.0,0.0
27552,2026-03-18 21:16:46+00:00,elcomercio,Estados Unidos impone fianza de 15 mil dólares para visas de turismo a 12 países,35.0,0.0
14266,2026-03-03 17:57:32+00:00,elcomercio,Debate presidencial: ¿cómo y hasta cuándo los ciudadanos pueden enviar sus preguntas al JNE?,35.0,0.0
23177,2026-03-10 14:00:45+00:00,rpp,SENAMHI: Pronóstico del clima hoy martes 10 de marzo 2026,35.0,0.0
27550,2026-03-18 18:27:19+00:00,elcomercio,SJM: choferes no saldrán a trabajar toda la semana tras atentado contra combi de ‘Los Rojitos’.,35.0,0.0
14219,2026-03-02 02:10:02+00:00,gestion,Embajador de Perú en Israel afirma que no hay peruanos fallecidos tras ataques iraníes,35.0,0.0
14103,2026-03-01 16:31:24+00:00,elcomercio,Hernando De Soto: “Si llama César Acuña para felicitarme y han quedado sus ministros es porque está ahí adentro”,35.0,0.0
28011,2026-03-18 22:44:10+00:00,peru21,Lambayeque: crecida del río Motupe destruye defensas ribereñas y aísla poblados,35.0,0.0
14180,2026-03-01 04:04:43+00:00,larepublica,Elecciones 2026: Fuerza Popular propone que personeros de partidos políticos tengan un día no laborable,35.0,0.0
15646,2026-03-03 12:00:00+00:00,correo,"Antonio Ortiz: “Estoy preparado para gobernar no como político, sino como empresario”",35.0,0.0
23438,2026-03-13 00:57:30+00:00,elcomercio,"La desconfianza divide al Perú: casi 8 de cada 10 desconfían de quienes no comparten sus ideas, según el Edelman Trust Barometer 2026",35.0,0.0
14411,2026-03-04 07:22:36+00:00,larepublica,"Daniel Urresti tras ser liberado por el TC: ""Regreso para apoyar la campaña de Podemos Perú""",35.0,0.0
15634,2026-03-04 12:00:00+00:00,correo,Elecciones 2026: JNE resolvió el 93% de las fórmulas y listas de candidatos presentados,35.0,0.0
23195,2026-03-11 03:15:37+00:00,rpp,"""Multiplica la ausencia del amigo"": Joaquín Sabina dedica dos poemas a Alfredo Bryce Echenique",35.0,0.0
15192,2026-03-09 16:25:24.925000+00:00,elcomercio,Lluvias en Tumbes afectan más de 6.000 hectáreas de cultivos por desborde de ríos,35.0,0.0
29010,2026-03-20 09:01:01+00:00,andina,"Reque se alista para una Semana Santa innovadora, con tradición y gran despliegue escénico",35.0,0.0
23456,2026-03-13 03:01:29+00:00,gestion,"Elecciones 2026: 12 partidos tienen mayormente propuestas populistas, apunta el BBVA Research",35.0,15.0
14316,2026-03-03 07:01:41+00:00,larepublica,Comisión de Fiscalización del Congreso cita a titulares del JNE y de ONPE para este 4 de marzo,35.0,0.0
14274,2026-03-03 16:39:53+00:00,elcomercio,Liderman: “Un cliente puede ahorrar hasta 20% cuando complementa la vigilancia física con tecnología”,35.0,0.0
28744,2026-03-20 01:30:25+00:00,larepublica,"Mala salud bucal se vincula a infartos, alzhéimer, complicaciones en el embarazo e incluso disfunción eréctil",35.0,0.0
23484,2026-03-12 18:01:00+00:00,gestion,Indian Motors y su plan para llevar al cuarto fabricante de motos del mundo al top 5 en Perú,35.0,0.0
28726,2026-03-19 23:52:49+00:00,larepublica,Indecopi impone multa de más de S/34.000 al BCP por incumplir promoción en tarjeta de crédito a cliente,35.0,0.0
24036,2026-03-13 15:00:00+00:00,larepublica,"Minem aprueba fraccionar multa de 53 mil soles a empresario Ji Wu Xiodong, visitante de José Jerí",32.0,0.0
14332,2026-03-03 18:44:44+00:00,larepublica,Juicio contra Fernando Rospigliosi por presunta difamación a Delia Espinoza comienza este 3 de marzo,32.0,0.0
24336,2026-03-13 18:25:56+00:00,atv,Callao: Fallece pasajera que resultó herida durante ataque a bus,31.0,45.0
